,circuit_id,package_price,tenure_month,pay_first,ipphone,tv_box,mobile,dl_speed,ul_speed,claims,active_status,Churn Risk
79688,2271J5627,700.0,93,0,0,1,0,1000,200,0,1,1
79755,2583J3893,590.0,47,0,1,0,0,500,500,0,1,1
79883,4222J9675,490.0,59,0,1,0,0,300,300,0,1,1
79894,7621J3668,690.0,44,0,1,0,0,500,500,0,1,1
79898,3958J5176,810.0,102,0,0,1,0,1000,500,0,1,1
80126,2526J2198,390.0,52,0,0,1,0,300,300,0,1,1
80228,2581J9061,129.0,33,0,1,0,0,20,20,0,1,1
80365,3865J5787,500.0,96,0,0,1,0,300,300,0,1,1
80373,3838J6762,600.0,90,0,0,1,0,500,500,0,1,1
80489,2527J0687,390.0,68,0,0,1,0,300,300,0,1,1
80569,7550J8583,590.0,68,0,0,1,0,45,20,0,1,1
80626,5379J9332,390.0,58,0,0,0,1,100,100,2,1,1
80791,2421J4603,490.0,34,0,0,1,0,400,400,0,1,1
80986,7754J2211,460.0,34,0,0,0,1,300,300,0,1,1
81028,2585J5369,690.0,21,0,0,1,0,1000,500,0,1,1
81085,2580J1713,490.0,75,0,0,1,0,400,400,0,1,1
81104,2420J3764,400.0,65,0,0,1,0,300,300,0,1,1
81130,2534J0522,129.0,35,0,1,0,0,20,20,0,1,1
81177,4281J6401,500.0,90,0,0,1,0,300,300,1,1,1
81330,3247J0390,690.0,40,0,0,0,1,1000,200,0,1,1
81352,5651J0281,700.0,120,0,0,1,0,1000,200,0,1,1
81364,2434J6992,199.0,27,0,1,0,0,15,10,0,1,1
81558,7538J7092,390.0,48,0,0,0,1,100,100,0,1,1
81595,2517J5523,500.0,99,0,0,1,0,300,300,0,1,1
81619,3837J5779,600.0,104,0,0,1,0,500,500,1,1,1
81626,7754J1472,400.0,41,0,0,1,0,100,100,0,1,1
81723,3951J5544,690.0,105,0,1,0,0,1000,200,0,1,1
81787,2320J0321,700.0,33,0,1,1,0,500,500,0,1,1
81792,2373J7197,690.0,40,0,1,0,0,1000,200,0,1,1
81813,3842J8026,600.0,72,0,0,1,0,500,500,0,1,1
81849,2567J0728,390.0,114,0,0,1,0,300,300,0,1,1
81944,4249J0219,590.0,118,0,1,0,0,150,150,0,1,1
82081,3951J1735,690.0,72,0,1,0,0,1000,200,0,1,1
82171,2428J5431,690.0,47,0,1,0,0,250,250,0,1,1
82339,3845J8983,800.0,43,0,1,0,0,400,400,3,1,1
82452,7436J8685,490.0,55,0,0,1,0,400,400,0,1,1
82500,7755J0485,490.0,41,0,1,0,0,300,300,0,1,1
82680,4281J9274,690.0,57,0,1,0,0,1000,200,0,1,1
82693,4531J9470,590.0,68,0,1,1,0,65,20,0,1,1
82772,5628J0310,490.0,119,0,1,0,0,300,300,0,1,1
82812,3554J7555,600.0,83,0,0,1,0,500,500,0,1,1
82826,4530J1680,570.0,31,0,0,1,0,500,500,0,1,1
82843,2583J8828,400.0,35,0,0,1,0,300,300,0,1,1
82847,3842J5123,500.0,87,0,0,1,0,300,300,0,1,1
82855,5378J9672,390.0,32,0,0,1,0,300,300,0,1,1
82884,2375J1072,390.0,45,0,0,1,0,300,300,0,1,1
82893,3727J8578,590.0,56,0,1,0,0,500,500,2,1,1
82936,2457J4750,590.0,60,0,1,0,0,150,150,0,1,1
83067,4451J0591,800.0,112,0,1,0,0,200,200,0,1,1
83138,2511J4115,690.0,58,0,1,0,0,250,250,0,1,1
83171,3931J0197,600.0,126,0,0,1,0,500,500,0,1,1
83192,7351J1057,690.0,57,0,1,0,0,250,250,1,1,1
83299,5553J8412,500.0,82,0,0,1,0,300,300,0,1,1
83304,2533J9772,129.0,36,0,1,0,0,20,20,0,1,1
83326,4231J5871,700.0,102,0,0,1,0,1000,200,0,1,1
83370,4420J2143,390.0,32,0,1,0,1,300,300,0,1,1
83448,2552J5162,690.0,33,0,1,1,1,1000,300,0,1,1
83560,2250J1795,590.0,53,0,1,0,0,500,500,0,1,1
83601,2568J0480,600.0,71,0,0,1,0,500,500,0,1,1
83756,7433J8596,299.0,70,0,1,0,0,50,50,0,1,1
83767,7526J6383,560.0,76,0,1,0,0,500,500,0,1,1
83854,2231J9091,490.0,44,0,0,0,1,400,400,0,1,1
84039,4341J2874,360.0,27,0,0,0,1,100,100,0,1,1
84093,5564J5068,600.0,105,0,0,1,0,500,500,1,1,1
84102,4282J5508,600.0,93,0,0,1,0,500,500,0,1,1
84135,3844J2365,390.0,28,0,0,1,0,300,300,1,1,1
84178,4463J1164,300.0,54,0,1,0,0,250,250,0,1,1
84222,2552J0134,400.0,66,0,0,1,0,300,300,0,1,1
84242,3847J6398,390.0,48,0,1,0,0,100,100,0,1,1
84261,4229J5126,370.0,47,0,0,1,0,100,100,0,1,1
84287,7755J0677,470.0,38,0,0,1,0,300,300,0,1,1
84365,4365J3540,390.0,36,0,0,1,0,300,300,2,1,1
84473,2420J9715,199.0,17,0,1,0,0,15,10,0,1,1
84530,3823J5573,690.0,27,0,1,0,0,1000,500,0,1,1
84573,2433J2672,390.0,75,0,0,1,0,300,300,0,1,1
84624,3552J5630,500.0,101,0,0,1,0,300,300,1,1,1
84683,2427J6737,700.0,95,0,0,1,0,250,250,0,1,1
84690,5327J9899,810.0,57,0,0,1,0,200,200,0,1,1
84754,3551J6059,390.0,40,0,0,0,1,300,300,0,1,1
84799,5327J3371,500.0,41,0,0,1,0,300,300,0,1,1
84830,3869J9135,690.0,81,0,1,0,0,250,250,0,1,1
84892,3647J5724,700.0,36,0,0,1,0,1000,200,1,1,1
84901,2472J2314,490.0,57,0,0,1,0,400,400,0,1,1
84972,3851J2872,690.0,56,0,1,0,0,1000,200,0,1,1
84974,2231J0744,390.0,26,0,1,0,1,300,300,0,1,1
85060,5651J5849,700.0,90,0,0,1,0,1000,200,0,1,1
85155,3958J5917,490.0,71,0,1,0,0,300,300,0,1,1
85159,4482J0237,360.0,43,0,1,0,0,100,100,0,1,1
85288,3958J5274,700.0,99,0,0,1,0,1000,200,0,1,1
85377,2517J6501,700.0,43,0,0,1,0,250,250,2,1,1
85392,7632J5932,570.0,79,0,0,1,0,500,500,0,1,1
85402,2275J2376,199.0,47,0,1,0,0,15,10,0,1,1
85418,3459J5772,500.0,88,0,0,1,0,300,300,0,1,1
85448,2527J8156,500.0,38,0,0,1,0,300,300,1,1,1
85467,2581J3175,400.0,49,0,0,1,0,30,30,0,1,1
85494,7734J7228,590.0,74,0,1,0,0,500,500,0,1,1
85500,7534J8293,590.0,82,0,0,1,0,45,20,0,1,1
85679,2551J4001,500.0,81,0,0,1,0,300,300,0,1,1
85782,2421J3592,199.0,35,0,1,0,0,15,10,0,1,1
85794,7741J7879,490.0,57,0,0,0,1,300,300,0,1,1
85808,7433J8482,299.0,71,0,1,0,0,50,50,0,1,1
85809,7621J0335,800.0,37,0,1,0,0,1000,500,1,1,1
85825,3828J7266,500.0,89,0,0,1,0,300,300,0,1,1
85846,2315J9046,390.0,58,0,0,1,0,300,300,0,1,1
85848,4466J7057,449.0,65,0,0,1,0,30,10,0,1,1
85951,4281J6505,500.0,89,0,0,1,0,300,300,0,1,1
85953,7520J5127,390.0,27,0,1,0,1,300,300,0,1,1
85965,2251J3734,390.0,27,0,1,0,1,300,300,0,1,1
86050,2271J8674,700.0,59,0,1,1,0,500,500,0,1,1
86051,2373J2196,590.0,54,0,0,1,0,600,600,0,1,1
86055,2420J0665,600.0,122,0,0,1,0,500,500,0,1,1
86067,2316J7063,810.0,88,0,0,1,0,400,400,0,1,1
86079,4279J6182,600.0,90,0,0,1,0,500,500,0,1,1
86150,2373J2214,400.0,54,0,1,0,0,300,300,0,1,1
86183,2387J4437,390.0,37,0,0,1,0,300,300,0,1,1
86208,7425J9883,590.0,35,0,1,1,1,600,600,0,1,1
86314,2585J0370,390.0,32,0,0,1,0,300,300,1,1,1
86318,3951J6225,600.0,101,0,0,1,0,500,500,0,1,1
86351,3551J8907,360.0,51,0,0,0,1,100,100,0,1,1
86364,2320J1839,690.0,30,0,1,1,1,1000,300,0,1,1
86372,2420J5251,600.0,104,0,0,1,0,500,500,2,1,1
86384,7734J7985,590.0,63,0,1,0,0,500,500,0,1,1
86386,3721J6081,750.0,99,0,0,1,0,50,20,0,1,1
86452,3847J7915,690.0,60,0,1,0,0,250,250,0,1,1
86565,3951J2916,700.0,66,0,0,1,0,1000,200,1,1,1
86637,3843J0839,490.0,58,0,1,0,0,300,300,0,1,1
86746,2583J3891,600.0,47,0,0,1,0,500,500,2,1,1
86771,7755J1440,560.0,29,0,0,0,1,500,500,0,1,1
86788,3840J0201,600.0,122,0,0,1,0,150,150,15,1,1
86826,2528J1972,199.0,46,0,1,0,0,15,10,0,1,1
86844,7759J3229,360.0,29,0,0,0,1,100,100,0,1,1
86926,2271J0709,199.0,46,0,1,0,0,15,10,0,1,1
86958,4386J0901,560.0,51,0,1,0,0,500,500,0,1,1
87063,4231J6393,810.0,96,0,0,1,0,1000,500,0,1,1
87109,2315J8927,390.0,59,0,0,1,0,300,300,0,1,1
87128,2526J3961,500.0,86,0,0,1,0,300,300,0,1,1
87211,3931J0352,700.0,121,0,0,1,0,1000,200,0,1,1
87212,7632J6804,500.0,55,0,0,1,0,300,300,0,1,1
87219,7734J8270,490.0,60,0,1,0,0,300,300,0,1,1
87280,4544J0309,700.0,113,0,0,1,0,250,250,0,1,1
87289,2251J5440,390.0,22,0,0,1,0,300,300,0,1,1
87313,3269J0720,600.0,43,0,0,1,0,500,500,0,1,1
87338,2533J9122,500.0,37,0,1,1,0,300,300,0,1,1
87361,2421J0546,199.0,47,0,1,0,0,15,10,0,1,1
87395,2583J0819,700.0,64,0,0,1,0,150,150,0,1,1
87469,7745J6720,600.0,81,0,0,1,0,500,500,0,1,1
87514,3232J5170,400.0,108,0,0,1,0,100,100,0,1,1
87522,2552J1871,700.0,55,0,0,1,0,1000,200,1,1,1
87595,2271J7931,690.0,70,0,1,0,0,50,20,0,1,1
87639,2517J7482,600.0,88,0,0,1,0,300,300,0,1,1
87798,7631J6528,490.0,62,0,1,0,0,300,300,0,1,1
87884,7621J8995,690.0,76,0,1,0,0,1000,200,0,1,1
87921,4250J3511,360.0,47,0,1,0,0,100,100,0,1,1
87969,7621J2488,590.0,38,0,1,1,1,600,600,0,1,1
88000,3228J8644,590.0,30,0,0,1,0,600,600,1,1,1
88003,2276J0621,129.0,35,0,1,0,0,20,20,0,1,1
88099,7759J0708,460.0,52,0,0,0,1,300,300,0,1,1
88218,2421J0222,690.0,47,0,1,1,0,1000,300,0,1,1
88302,4431J5907,700.0,90,0,0,1,0,250,250,0,1,1
88334,2426J0251,690.0,38,0,1,0,0,1000,200,0,1,1
88346,4232J5565,370.0,44,0,0,1,0,100,100,0,1,1
88363,3958J6448,500.0,42,0,0,1,0,300,300,0,1,1
88451,3559J6101,590.0,96,0,0,0,1,150,150,0,1,1
88559,7755J9512,360.0,53,0,0,0,1,100,100,0,1,1
88583,7745J5786,390.0,91,0,0,0,1,100,100,0,1,1
88650,5327J8257,690.0,75,0,1,0,0,1000,200,0,1,1
88685,2416J1058,690.0,53,0,1,0,0,250,250,0,1,1
88754,2511J3330,390.0,65,0,0,1,0,300,300,0,1,1
88797,3441J2619,700.0,46,0,0,1,0,500,500,0,1,1
88835,3838J1089,500.0,48,0,0,1,0,300,300,0,1,1
88940,7548J8206,500.0,71,0,0,1,0,300,300,0,1,1
89167,4249J9716,810.0,78,0,0,1,0,150,50,0,1,1
89191,4382J3350,390.0,32,0,1,0,1,300,300,0,1,1
89218,2551J6846,400.0,98,0,0,1,0,300,300,0,1,1
89264,2240J8739,700.0,48,0,0,1,0,150,150,0,1,1
89269,2531J5196,700.0,104,0,0,1,0,500,500,1,1,1
89282,7759J2448,490.0,36,0,0,0,1,300,300,0,1,1
89290,4279J5620,470.0,98,0,0,1,0,300,300,1,1,1
89412,2420J3746,400.0,65,0,0,1,0,300,300,1,1,1
89454,7727J3416,600.0,56,0,0,1,0,500,500,0,1,1
89457,5651J6097,600.0,87,0,0,1,0,500,500,0,1,1
89465,3828J0820,500.0,111,0,0,1,0,300,300,0,1,1
89616,2425J1261,390.0,15,0,1,0,0,300,300,0,1,1
89662,7621J6055,800.0,65,0,1,1,0,250,250,0,1,1
89756,7621J9859,700.0,61,0,0,1,0,1000,200,0,1,1
89858,3647J8351,390.0,48,0,0,0,1,300,300,0,1,1
89869,2458J1116,690.0,54,0,1,0,0,100,100,0,1,1
89887,4264J2521,590.0,46,0,0,1,0,100,50,0,1,1
89927,7521J6511,600.0,103,0,0,1,0,500,500,1,1,1
89943,7754J9563,360.0,56,0,0,0,1,100,100,0,1,1
89945,5327J4899,590.0,26,0,1,1,1,600,600,0,1,1
89946,2315J8730,390.0,60,0,0,1,0,300,300,0,1,1
89962,4271J3345,390.0,57,0,1,0,0,100,100,0,1,1
89995,7743J6933,570.0,76,0,0,1,0,500,500,0,1,1
90187,4451J5592,700.0,100,0,0,1,0,100,100,0,1,1
90214,7755J8107,690.0,66,0,1,0,0,250,250,0,1,1
90276,7759J6054,500.0,99,0,0,1,0,300,300,0,1,1
90277,7750J3791,400.0,56,0,0,1,0,100,100,0,1,1
90324,7632J5807,690.0,58,0,1,0,0,250,250,0,1,1
90340,5335J8302,390.0,28,0,1,0,1,300,300,0,1,1
90356,5322J7528,690.0,79,0,1,1,1,1000,300,0,1,1
90415,7754J5980,500.0,97,0,0,1,0,50,50,0,1,1
90420,5327J9647,590.0,57,0,1,0,0,500,500,0,1,1
90453,7727J9349,690.0,80,0,1,0,0,1000,200,0,1,1
90603,2434J4257,490.0,61,0,0,1,0,400,400,0,1,1
90800,4249J6580,600.0,94,0,0,1,0,150,150,0,1,1
90966,2224J8699,490.0,33,0,1,0,1,400,400,0,1,1
90999,3867J5155,600.0,110,0,0,1,0,50,50,0,1,1
91066,2420J5370,600.0,103,0,0,1,0,500,500,0,1,1
91123,2534J5173,590.0,28,0,1,1,1,600,600,0,1,1
91126,7433J7757,490.0,76,0,1,0,0,300,300,0,1,1
91235,3471J3076,690.0,37,0,1,1,1,1000,300,0,1,1
91336,4566J4707,360.0,45,0,0,0,1,100,100,0,1,1
91487,3837J7382,700.0,94,0,0,1,0,250,250,0,1,1
91490,3433J5430,1190.0,105,0,0,0,1,300,300,0,1,1
91544,2323J6207,490.0,85,0,0,1,0,400,400,0,1,1
91796,2241J3027,129.0,34,0,1,0,0,20,20,0,1,1
91797,2434J3747,400.0,40,0,0,1,0,300,300,0,1,1
91886,2421J2899,400.0,39,0,1,0,0,300,300,1,1,1
91905,7755J0785,590.0,37,0,0,1,1,600,600,0,1,1
91916,3452J0838,570.0,68,0,0,1,0,500,500,0,1,1
91931,2224J8019,910.0,49,0,0,1,0,400,400,0,1,1
91983,7754J2816,570.0,26,0,0,1,0,500,500,0,1,1
92008,4380J5318,590.0,100,0,1,0,0,500,500,13,1,1
92103,7551J7857,360.0,44,0,0,0,1,100,100,1,1,1
92136,4279J6500,600.0,86,0,0,1,0,500,500,0,1,1
92165,7321J2875,390.0,92,0,0,1,0,300,300,0,1,1
92211,4282J6968,590.0,72,0,1,0,0,500,500,4,1,1
92436,2315J3754,129.0,34,0,1,0,0,20,20,0,1,1
92449,3843J2135,590.0,52,0,1,0,0,500,500,0,1,1
92525,3837J3614,300.0,54,0,1,0,0,20,10,0,1,1
92551,2316J2337,690.0,111,0,1,0,0,250,250,0,1,1
92722,7641J8523,490.0,62,0,1,0,0,300,300,0,1,1
92998,4221J4646,600.0,83,0,0,1,0,50,50,0,1,1
93054,2581J5169,590.0,17,0,0,1,0,600,600,1,1,1
93058,4566J2551,370.0,55,0,0,1,0,100,100,0,1,1
93091,4281J3022,399.0,18,0,1,0,1,1000,200,0,1,1
93113,3867J1052,700.0,76,0,0,1,0,100,100,0,1,1
93139,2527J8508,390.0,75,0,0,1,0,300,300,0,1,1
93220,3730J7635,760.0,71,0,1,0,0,500,500,0,1,1
93249,2241J2877,129.0,34,0,1,0,0,20,20,0,1,1
93267,2517J4792,490.0,78,0,0,1,0,400,400,0,1,1
93269,3847J6200,690.0,96,0,1,0,0,250,250,0,1,1
93319,2511J8533,400.0,86,0,0,1,0,300,300,0,1,1
93379,4282J8420,490.0,54,0,1,0,0,300,300,0,1,1
93431,7727J4241,490.0,60,0,1,0,0,300,300,0,1,1
93503,2250J2465,490.0,52,0,1,0,0,50,50,0,1,1
93538,2333J8678,390.0,41,0,0,1,0,300,300,0,1,1
93564,3642J1682,390.0,35,0,1,0,1,300,300,0,1,1
93588,7544J6365,360.0,75,0,0,0,1,100,100,0,1,1
93622,2215J6259,390.0,63,0,0,1,0,300,300,0,1,1
93731,7755J1229,460.0,32,0,0,0,1,300,300,1,1,1
93781,2526J6292,500.0,100,0,0,1,0,300,300,1,1,1
93800,7534J8676,690.0,77,0,1,1,1,1000,300,0,1,1
93857,7541J5777,700.0,107,0,0,1,0,1000,200,1,1,1
93931,2420J8065,400.0,83,0,0,1,0,300,300,0,1,1
94054,2415J3910,500.0,55,0,0,1,0,50,50,0,1,1
94074,3437J9027,600.0,45,0,0,1,0,500,500,7,1,1
94080,4531J1434,570.0,59,0,0,1,0,500,500,0,1,1
94255,7759J8069,590.0,28,0,1,1,1,600,600,0,1,1
94268,4567J0807,360.0,41,0,1,0,0,100,100,0,1,1
94318,2224J8871,390.0,28,0,1,0,1,300,300,0,1,1
94325,3837J2305,690.0,25,0,1,1,1,1000,300,0,1,1
94418,2375J3959,129.0,33,0,1,0,0,20,20,0,1,1
94560,5421J7287,700.0,95,0,0,1,0,1000,200,0,1,1
94659,7535J0458,360.0,42,0,0,0,1,100,100,0,1,1
94807,5373J6472,700.0,76,0,0,1,0,1000,200,0,1,1
94812,2251J0357,129.0,37,0,1,0,0,20,20,0,1,1
94823,2534J0370,129.0,35,0,1,0,0,20,20,0,1,1
94962,7755J1305,460.0,31,0,0,0,1,300,300,0,1,1
95027,2528J8398,400.0,33,0,1,0,0,300,300,0,1,1
95108,7621J4273,690.0,43,0,1,0,0,250,250,0,1,1
95227,3552J3360,590.0,29,0,1,1,1,600,600,0,1,1
95341,5662J5303,500.0,105,0,0,1,0,300,300,0,1,1
95362,2241J2158,129.0,37,0,1,0,0,20,20,0,1,1
95388,7741J6344,690.0,52,0,1,0,0,150,50,0,1,1
95400,7541J9876,690.0,72,0,1,0,0,1000,200,0,1,1
95404,4289J5476,600.0,90,0,0,1,0,150,150,0,1,1
95575,3441J2864,700.0,44,0,0,1,0,500,500,0,1,1
95587,4358J3311,470.0,21,0,0,1,0,300,300,0,1,1
95611,3442J7787,700.0,93,0,0,1,0,250,250,0,1,1
95640,4566J0484,360.0,62,0,0,0,1,100,100,0,1,1
95642,7759J2957,390.0,31,0,1,0,1,300,300,1,1,1
95751,3471J6573,700.0,96,0,0,1,0,1000,200,1,1,1
95844,7541J6612,690.0,72,0,1,0,0,1000,200,0,1,1
96025,3851J4429,400.0,40,0,0,1,0,100,100,0,1,1
96160,5680J5500,700.0,102,0,0,1,0,100,100,0,1,1
96162,4284J6260,600.0,82,0,0,1,0,150,150,2,1,1
96240,2551J4155,590.0,80,0,1,0,0,150,150,0,1,1
96275,2512J6020,400.0,40,0,0,1,0,300,300,0,1,1
96322,2567J2113,600.0,77,0,0,1,0,500,500,1,1,1
96372,7755J1518,560.0,27,0,0,0,1,500,500,0,1,1
96538,7727J8645,690.0,84,0,1,0,0,1000,200,0,1,1
96827,2421J4317,199.0,34,0,1,0,0,15,10,0,1,1
96831,7521J6017,500.0,107,0,0,1,0,300,300,0,1,1
96843,2427J2838,690.0,71,0,1,0,0,250,250,0,1,1
96876,3554J6841,690.0,93,0,0,0,1,250,250,0,1,1
97040,7541J5748,360.0,19,0,0,0,1,100,100,0,1,1
97081,3869J4523,500.0,37,0,0,1,0,300,300,0,1,1
97089,3931J4263,810.0,75,0,0,1,0,1000,500,0,1,1
97129,5333J0252,500.0,120,0,0,1,0,300,300,0,1,1
97170,2581J3537,390.0,47,0,1,0,0,30,30,1,1,1
97258,2532J9252,390.0,61,0,0,1,0,300,300,1,1,1
97396,2240J6163,590.0,87,0,0,1,0,500,500,0,1,1
97398,3532J6517,400.0,88,0,0,1,0,30,30,0,1,1
97413,3931J8145,810.0,93,0,0,1,0,1000,500,0,1,1
97524,3247J9467,615.0,50,0,0,0,1,500,500,0,1,1
97561,7471J5886,590.0,107,0,1,0,0,500,500,1,1,1
97569,2231J9100,800.0,43,0,0,1,0,500,500,1,1,1
97570,7621J7763,700.0,84,0,0,1,0,250,250,0,1,1
97673,3624J8811,1010.0,45,0,0,1,0,1000,700,0,1,1
97717,4272J4488,790.0,30,0,1,1,0,1000,500,0,1,1
97759,2434J7420,490.0,54,0,0,1,0,400,400,0,1,1
97833,3931J6969,700.0,98,0,0,1,0,250,250,4,1,1
97888,3642J0860,690.0,21,0,1,0,0,1000,500,0,1,1
97897,7755J1262,460.0,31,0,0,0,1,300,300,0,1,1
97902,7754J0428,800.0,118,0,1,0,0,400,400,0,1,1
98034,4371J4463,590.0,45,0,1,0,0,150,150,0,1,1
98121,7469J9362,390.0,56,0,0,0,1,100,100,0,1,1
98135,7737J5399,690.0,93,0,1,0,0,1000,200,0,1,1
98169,3837J0248,390.0,39,0,1,0,0,100,100,0,1,1
98264,7432J3295,1300.0,26,0,1,1,1,1000,1000,0,1,1
98270,2251J4243,390.0,26,0,0,1,0,300,300,0,1,1
98293,7521J5706,700.0,108,0,0,1,0,1000,200,0,1,1
98444,4485J2368,370.0,18,0,0,1,0,100,100,0,1,1
98600,4222J1306,490.0,76,0,0,1,0,35,20,6,1,1
98607,4322J7091,470.0,79,0,0,1,0,300,300,0,1,1
98658,2240J1657,129.0,34,0,1,0,0,20,20,0,1,1
98683,2517J3089,490.0,62,0,0,1,0,400,400,0,1,1
98699,7439J7005,500.0,41,0,0,1,0,300,300,0,1,1
98766,3551J1028,390.0,23,0,1,0,1,300,300,0,1,1
98790,7736J6832,570.0,76,0,1,1,0,300,300,0,1,1
98813,5531J1520,370.0,25,0,0,1,0,100,100,0,1,1
98873,2428J4336,690.0,50,0,1,0,0,250,250,0,1,1
98987,3554J5520,810.0,108,0,0,1,0,1000,500,0,1,1
99000,5360J1057,490.0,113,0,0,0,1,300,300,0,1,1
99016,3647J9015,390.0,34,0,1,0,1,300,300,0,1,1
99092,7426J1387,590.0,29,0,1,1,1,600,600,0,1,1
99149,7521J7926,810.0,93,0,0,1,0,1000,500,0,1,1
99212,2427J2724,690.0,71,0,1,0,0,50,20,1,1,1
99224,7367J8543,460.0,38,0,0,0,1,300,300,0,1,1
99241,2582J7311,400.0,41,0,1,0,0,300,300,1,1,1
99248,7634J1320,690.0,28,0,1,0,1,1000,500,0,1,1
99261,4231J2382,560.0,72,0,1,0,0,500,500,1,1,1
99354,2513J6479,690.0,20,0,0,1,0,1000,500,0,1,1
99371,3951J1695,800.0,74,0,1,0,0,1000,500,0,1,1
99471,4271J8623,690.0,79,0,1,0,0,150,50,0,1,1
99496,4223J3876,390.0,49,0,1,0,0,100,100,0,1,1
99555,2315J4010,390.0,33,0,0,1,0,300,300,10,1,1
99569,3437J5344,700.0,100,0,0,1,0,1000,200,0,1,1
99612,7727J6308,1099.0,14,0,1,0,0,1000,1000,0,1,1
99640,4447J4464,370.0,38,0,0,1,0,100,100,4,1,1
99646,4325J7268,470.0,57,0,0,1,0,300,300,0,1,1
99648,7760J0272,690.0,25,0,1,1,1,1000,300,0,1,1
99658,7527J6746,690.0,17,0,1,0,0,1000,500,0,1,1
99665,7425J8496,500.0,40,0,0,1,0,300,300,0,1,1
99732,4463J8719,560.0,69,0,1,0,0,500,500,0,1,1
99733,3938J9138,590.0,52,0,1,0,0,500,500,0,1,1
99790,7743J7429,390.0,71,0,0,0,1,100,100,2,1,1
99805,7544J8019,690.0,46,0,1,1,1,1000,300,0,1,1
99853,7751J2596,690.0,31,0,1,1,1,1000,300,1,1,1
99869,7641J8527,590.0,62,0,1,0,0,500,500,0,1,1
99979,5329J0270,700.0,116,0,0,1,0,1000,200,0,1,1
100035,7754J8255,360.0,72,0,0,0,1,100,100,0,1,1
100101,5653J5369,700.0,97,0,0,1,0,1000,200,0,1,1
100145,4551J8247,690.0,79,0,1,0,0,250,250,0,1,1
100183,7731J8028,390.0,16,0,0,1,0,300,300,0,1,1
100205,3828J6695,700.0,94,0,0,1,0,250,250,0,1,1
100238,4482J0888,1300.0,36,0,1,0,0,1000,1000,0,1,1
100307,5651J8421,700.0,62,0,0,1,0,1000,200,0,1,1
100396,4531J5039,400.0,110,0,0,1,0,100,100,0,1,1
100516,7741J5780,500.0,93,0,0,1,0,300,300,0,1,1
100542,7754J8525,460.0,61,0,0,0,1,300,300,0,1,1
100569,2534J0527,129.0,35,0,1,0,0,20,20,0,1,1
100705,7577J8125,690.0,40,0,1,0,0,1000,200,0,1,1
100738,7755J5876,690.0,92,0,1,0,0,1000,200,0,1,1
100768,3626J5423,500.0,102,0,0,1,0,300,300,0,1,1
100780,7548J5664,400.0,91,0,0,1,0,100,100,1,1,1
100894,4485J0231,199.0,46,0,1,0,0,10,5,0,1,1
100918,3841J3608,600.0,76,0,0,1,0,50,50,0,1,1
100938,2251J0109,800.0,39,0,1,1,0,1000,200,0,1,1
101043,7478J9471,390.0,31,0,1,0,1,300,300,0,1,1
101046,5421J1871,500.0,115,0,0,1,0,50,50,0,1,1
101058,2434J7523,690.0,54,0,1,0,0,100,100,0,1,1
101197,7548J4999,390.0,34,0,0,0,1,300,300,0,1,1
101204,5333J6251,500.0,97,0,0,1,0,300,300,0,1,1
101240,7631J7906,490.0,70,0,1,0,0,300,300,0,1,1
101348,7631J7465,500.0,76,0,0,1,0,300,300,0,1,1
101461,2372J5311,600.0,105,0,0,1,0,500,500,0,1,1
101467,2428J0931,390.0,60,0,0,1,0,300,300,0,1,1
101514,2324J5613,400.0,42,0,0,1,0,300,300,0,1,1
101617,7634J1264,390.0,28,0,1,0,1,300,300,0,1,1
101709,5324J8464,490.0,66,0,0,1,0,400,400,3,1,1
101800,2527J8280,390.0,75,0,0,1,0,300,300,0,1,1
101864,3426J1568,700.0,61,0,0,1,0,1000,200,0,1,1
101885,3837J4064,800.0,50,0,1,0,0,400,400,0,1,1
101906,3860J5368,810.0,107,0,0,1,0,1000,500,7,1,1
101918,7755J0780,390.0,37,0,0,0,1,100,100,0,1,1
101995,7541J9894,590.0,72,0,1,0,0,500,500,1,1,1
102000,2250J4459,690.0,43,0,1,0,0,1000,200,0,1,1
102062,2323J7568,690.0,74,0,1,0,0,1000,200,0,1,1
102117,2526J4954,500.0,83,0,0,1,0,300,300,0,1,1
102121,2567J8493,390.0,21,0,0,1,0,300,300,0,1,1
102218,7727J8010,690.0,88,0,1,0,0,1000,200,0,1,1
102280,3860J3065,590.0,30,0,1,1,0,600,600,0,1,1
102553,2528J6950,490.0,35,0,0,1,0,400,400,0,1,1
102579,7562J3309,360.0,54,0,1,0,0,100,100,0,1,1
102679,2373J4119,390.0,48,0,0,1,0,300,300,0,1,1
102715,7454J6412,600.0,83,0,0,1,0,150,150,0,1,1
102824,2551J5792,700.0,102,0,0,1,0,1000,200,0,1,1
102920,2416J1259,800.0,52,0,0,0,1,200,200,0,1,1
103003,2240J9468,700.0,59,0,0,1,0,1000,200,0,1,1
103011,7321J9767,690.0,95,0,1,1,1,1000,300,0,1,1
103037,2433J2798,400.0,74,0,0,1,0,300,300,0,1,1
103063,7562J7540,690.0,29,0,1,1,1,1000,300,0,1,1
103117,3828J2865,600.0,36,0,0,1,0,500,500,0,1,1
103269,7759J2389,460.0,36,0,0,0,1,300,300,1,1,1
103329,3838J6653,500.0,91,0,0,1,0,300,300,0,1,1
103378,5327J7111,500.0,86,0,0,1,0,300,300,0,1,1
103452,3869J8293,810.0,87,0,0,1,0,400,400,1,1,1
103484,4467J0574,360.0,38,0,1,0,0,100,100,0,1,1
103485,4249J3945,390.0,63,0,0,0,1,100,100,0,1,1
103495,3851J6998,700.0,92,0,0,1,0,1000,200,0,1,1
103601,2583J6835,590.0,42,0,1,0,0,500,500,0,1,1
103618,2433J3457,700.0,79,0,0,1,0,1000,200,0,1,1
103642,4425J3311,449.0,64,0,1,0,0,30,10,0,1,1
103651,3869J7982,800.0,89,0,0,1,0,30,15,0,1,1
103680,4431J1253,590.0,27,0,1,1,1,600,600,0,1,1
103710,2526J3055,810.0,87,0,0,1,0,1000,500,1,1,1
103732,2532J2386,490.0,81,0,0,1,0,400,400,0,1,1
103759,2511J3497,390.0,63,0,0,1,0,300,300,0,1,1
103777,5672J9337,700.0,55,0,1,1,0,50,50,0,1,1
103823,2315J3387,129.0,36,0,1,0,0,20,20,0,1,1
103827,3261J5885,700.0,100,0,0,1,0,1000,200,0,1,1
103829,7741J8675,560.0,48,0,1,0,0,500,500,0,1,1
103850,2472J2540,490.0,55,0,0,1,0,400,400,0,1,1
103903,3554J7909,700.0,77,0,0,1,0,250,250,0,1,1
104083,5500J0433,700.0,119,0,0,1,0,100,100,0,1,1
104133,2580J2381,400.0,42,0,1,0,0,300,300,0,1,1
104162,3843J2426,690.0,49,0,1,0,0,250,250,0,1,1
104177,3863J8257,570.0,81,0,0,1,0,500,500,0,1,1
104182,2532J5674,390.0,71,0,0,1,0,300,300,0,1,1
104282,3475J1959,1300.0,26,0,1,1,1,1000,1000,0,1,1
104288,2373J2207,400.0,54,0,1,0,0,300,300,0,1,1
104369,3838J6942,600.0,89,0,0,1,0,150,150,2,1,1
104424,4251J1029,560.0,76,0,1,0,0,500,500,0,1,1
104429,2420J7683,700.0,84,0,0,1,0,1000,200,0,1,1
104513,3552J3604,590.0,32,0,1,1,1,600,600,0,1,1
104529,4277J8312,470.0,72,0,0,1,0,300,300,0,1,1
104556,4420J7316,590.0,38,0,1,1,1,600,600,0,1,1
104575,3864J6331,500.0,80,0,0,1,0,300,300,0,1,1
104588,2372J1160,600.0,113,0,0,1,0,500,500,0,1,1
104597,3867J4224,690.0,51,0,1,0,0,250,250,0,1,1
104648,7741J7772,690.0,58,0,1,0,0,1000,200,0,1,1
104712,2375J2884,129.0,36,0,1,0,0,20,20,0,1,1
104893,7727J6399,400.0,102,0,0,1,0,100,100,0,1,1
104919,4254J9735,390.0,55,0,1,0,0,100,100,0,1,1
104924,7754J1223,460.0,45,0,0,0,1,300,300,1,1,1
105002,3865J0130,400.0,119,0,0,1,0,100,100,0,1,1
105265,2374J3848,600.0,57,0,0,1,0,150,150,0,1,1
105316,2420J8841,490.0,80,0,0,1,0,400,400,0,1,1
105444,5421J0865,700.0,120,0,0,1,0,250,250,0,1,1
105547,3842J8253,810.0,69,0,0,1,0,400,400,0,1,1
105679,3863J3363,600.0,40,0,0,1,0,500,500,0,1,1
105699,7435J6286,590.0,77,0,1,0,0,500,500,0,1,1
105776,3639J6754,690.0,25,0,1,0,0,1000,500,0,1,1
105892,2583J5284,490.0,46,0,1,0,0,300,300,1,1,1
105924,7741J7686,490.0,59,0,1,0,0,300,300,0,1,1
105934,2583J8342,129.0,37,0,1,0,0,20,20,0,1,1
105951,4386J3355,460.0,33,0,0,0,1,300,300,0,1,1
106016,7454J9136,500.0,42,0,0,1,0,300,300,0,1,1
106017,7743J5359,700.0,103,0,0,1,0,1000,200,0,1,1
106057,2526J7275,249.0,96,0,1,0,0,20,10,0,1,1
106087,2276J0102,129.0,37,0,1,0,0,20,20,0,1,1
106177,7548J6906,590.0,74,0,1,0,0,150,150,5,1,1
106229,2580J0474,400.0,118,0,0,1,0,300,300,0,1,1
106243,2526J6285,600.0,101,0,1,1,0,300,300,0,1,1
106307,3543J9689,470.0,25,0,0,1,0,300,300,0,1,1
106320,7750J7193,390.0,97,0,0,1,0,300,300,0,1,1
106356,3958J6290,300.0,51,0,1,0,0,20,10,0,1,1
106368,4284J7662,600.0,76,0,0,1,0,150,150,0,1,1
106380,2315J8864,390.0,59,0,0,1,0,300,300,0,1,1
106461,2374J7347,490.0,88,0,0,1,0,400,400,0,1,1
106596,7754J2329,360.0,32,0,0,0,1,100,100,0,1,1
106597,3232J7014,600.0,89,0,0,1,0,500,500,1,1,1
106690,7751J2195,490.0,34,0,0,0,1,300,300,0,1,1
106725,2224J7526,700.0,58,0,0,1,0,500,500,2,1,1
106789,3958J6279,300.0,51,0,1,0,0,20,10,0,1,1
106816,4281J6873,700.0,85,0,0,1,0,1000,200,9,1,1
106864,7469J0517,400.0,117,0,0,1,0,100,100,0,1,1
106960,2527J9899,390.0,71,0,0,1,0,300,300,0,1,1
107002,3555J6514,570.0,81,0,0,1,0,500,500,0,1,1
107042,7742J4338,390.0,38,0,0,1,0,300,300,0,1,1
107045,3223J1131,460.0,40,0,0,0,1,300,300,0,1,1
107075,7462J1175,390.0,31,0,1,0,1,300,300,0,1,1
107163,2457J4934,490.0,75,0,1,0,0,300,300,0,1,1
107399,4233J6617,400.0,87,0,0,1,0,100,100,1,1,1
107405,3441J2006,700.0,51,0,0,1,0,1000,200,0,1,1
107409,4271J4575,299.0,50,0,1,0,0,20,20,0,1,1
107433,3931J6033,600.0,103,0,0,1,0,500,500,0,1,1
107593,3841J9872,800.0,81,0,1,0,0,1000,500,0,1,1
107670,2518J7319,129.0,34,0,1,0,0,20,20,0,1,1
107839,2271J8665,700.0,59,0,1,1,0,500,500,1,1,1
107870,2433J8927,400.0,85,0,0,1,0,300,300,0,1,1
107957,3841J9125,700.0,83,0,0,1,0,100,100,0,1,1
107980,7755J6478,360.0,31,0,0,0,1,100,100,0,1,1
107986,7367J5065,590.0,112,0,1,1,1,600,600,0,1,1
108001,5422J6480,700.0,51,0,0,1,0,100,100,0,1,1
108017,2534J0986,129.0,35,0,1,0,0,20,20,0,1,1
108073,7727J9825,690.0,77,0,1,0,0,1000,200,0,1,1
108129,2518J5877,129.0,37,0,1,0,0,20,20,0,1,1
108134,4264J5767,360.0,27,0,1,0,0,100,100,0,1,1
108178,3823J5643,700.0,94,0,0,1,0,1000,200,0,1,1
108191,3823J7147,590.0,32,0,1,1,1,600,600,3,1,1
108272,7755J1565,460.0,27,0,1,0,0,300,300,0,1,1
108338,7750J6991,1000.0,98,0,1,0,0,500,500,0,1,1
108454,5421J4507,560.0,75,0,1,0,0,500,500,0,1,1
108478,2458J1060,690.0,54,0,1,0,0,100,100,0,1,1
108488,3851J3298,690.0,52,0,1,0,0,1000,200,0,1,1
108513,2231J1472,490.0,21,0,0,0,1,400,400,0,1,1
108554,4531J0577,470.0,64,0,0,1,0,300,300,0,1,1
108614,4455J3556,690.0,50,0,1,1,0,100,50,0,1,1
108626,5360J9507,800.0,79,0,1,0,0,1000,500,0,1,1
108633,4481J5429,700.0,98,0,0,1,0,1000,200,1,1,1
108639,3867J1878,390.0,15,0,1,0,0,300,300,0,1,1
108663,7750J5553,490.0,37,0,0,0,1,300,300,0,1,1
108684,4463J4489,570.0,18,0,0,1,0,500,500,0,1,1
108703,3539J5599,590.0,80,0,0,1,0,30,10,0,1,1
108921,2271J6840,490.0,75,0,0,1,0,400,400,0,1,1
108955,2472J9460,490.0,72,0,0,1,0,400,400,0,1,1
108969,4446J4998,590.0,66,0,1,0,0,50,50,0,1,1
109092,2517J7478,490.0,88,0,0,1,0,400,400,0,1,1
109106,3944J5235,600.0,103,0,0,1,0,500,500,0,1,1
109135,2567J2422,500.0,75,0,0,1,0,300,300,14,1,1
109149,7742J1514,690.0,72,0,1,0,0,250,250,0,1,1
109174,3624J6854,810.0,79,0,0,1,0,400,400,0,1,1
109244,7568J5855,700.0,86,0,0,1,0,1000,200,0,1,1
109271,2527J3166,390.0,58,0,0,1,0,300,300,0,1,1
109289,2583J0419,600.0,66,0,0,1,0,500,500,0,1,1
109344,2427J7443,700.0,89,0,0,1,0,50,50,0,1,1
109514,2427J4889,690.0,76,0,1,0,0,30,15,0,1,1
109524,7754J1513,460.0,41,0,0,0,1,300,300,0,1,1
109738,3841J2885,800.0,79,0,1,0,0,200,200,0,1,1
109804,2428J9944,390.0,39,0,1,0,0,100,100,0,1,1
109843,2315J2378,490.0,42,0,0,1,0,400,400,0,1,1
109846,2421J4390,199.0,32,0,1,0,0,15,10,0,1,1
109917,2433J5342,690.0,104,0,1,0,0,100,100,0,1,1
109925,7734J5364,600.0,106,0,0,1,0,500,500,0,1,1
109991,2251J6495,199.0,20,0,1,0,0,15,10,0,1,1
109994,2427J5509,790.0,104,0,0,1,1,1000,500,0,1,1
110019,7751J1721,590.0,37,0,0,0,1,500,500,0,1,1
110106,3251J7778,500.0,78,0,0,1,0,300,300,0,1,1
110206,2271J2601,600.0,36,0,1,1,0,300,300,0,1,1
110224,3958J6788,690.0,23,0,1,0,0,1000,500,0,1,1
110264,7755J0679,360.0,38,0,0,0,1,100,100,0,1,1
110271,2251J6696,690.0,17,0,0,1,0,1000,500,0,1,1
110295,2517J3686,390.0,58,0,0,1,0,300,300,1,1,1
110309,7754J7367,460.0,60,0,0,0,1,300,300,0,1,1
110383,3958J5302,700.0,97,0,0,1,0,1000,200,1,1,1
110445,2552J4730,390.0,36,0,0,1,0,300,300,0,1,1
110472,2580J2512,390.0,73,0,0,1,0,300,300,0,1,1
110519,3860J5401,700.0,106,0,0,1,0,250,250,0,1,1
110521,2436J9844,390.0,24,0,0,1,0,300,300,0,1,1
110585,7478J5100,559.0,22,0,1,0,0,500,500,3,1,1
110849,5553J6486,500.0,98,0,0,1,0,300,300,0,1,1
110855,2583J2935,129.0,33,0,1,0,0,20,20,0,1,1
110963,7759J1248,360.0,48,0,0,0,1,100,100,0,1,1
111086,4277J5483,500.0,101,0,0,1,0,300,300,0,1,1
111136,2434J3995,400.0,62,0,0,1,0,300,300,0,1,1
111141,2581J8209,590.0,15,0,0,1,0,600,600,1,1,1
111143,5335J1209,590.0,25,0,1,0,1,600,600,0,1,1
111197,3651J5141,400.0,108,0,0,1,0,100,100,4,1,1
111202,3261J6323,600.0,43,0,0,1,0,500,500,0,1,1
111246,4231J5971,600.0,101,0,0,1,0,500,500,0,1,1
111248,2517J2542,500.0,66,0,0,1,0,300,300,0,1,1
111259,3869J2707,700.0,61,0,0,1,0,250,250,7,1,1
111314,5421J6071,700.0,102,0,0,1,1,500,500,0,1,1
111402,2324J7787,490.0,25,0,0,1,0,400,400,0,1,1
111405,4232J8183,590.0,31,0,1,1,1,600,600,0,1,1
111441,7728J2549,390.0,39,0,1,0,0,100,100,0,1,1
111443,4264J3011,600.0,44,0,0,1,0,150,150,0,1,1
111498,7742J4373,400.0,37,0,0,1,0,100,100,0,1,1
111562,2375J3706,129.0,33,0,1,0,0,20,20,0,1,1
111588,2582J7967,400.0,39,0,1,0,0,300,300,0,1,1
111678,4271J2356,690.0,64,0,1,0,0,250,250,0,1,1
111688,4284J0359,600.0,114,0,0,1,0,500,500,0,1,1
111698,7424J3649,490.0,32,0,1,0,0,400,400,0,1,1
111700,3232J0596,600.0,121,0,0,1,0,500,500,0,1,1
111758,3842J6332,590.0,95,0,1,0,0,500,500,0,1,1
111763,7727J5894,700.0,106,0,0,1,0,1000,200,0,1,1
111775,5641J8385,690.0,67,0,1,0,0,1000,200,0,1,1
111832,4380J3962,590.0,52,0,1,0,0,150,150,2,1,1
111840,3860J9296,690.0,46,0,1,0,0,1000,200,0,1,1
111883,5471J1226,199.0,45,0,1,0,0,15,10,0,1,1
111936,7781J7934,600.0,96,0,0,1,0,500,500,0,1,1
111977,2526J8194,500.0,94,0,0,1,0,300,300,0,1,1
111987,4324J3146,470.0,40,0,0,1,0,300,300,0,1,1
111996,7544J5808,490.0,85,0,0,1,0,400,400,0,1,1
112114,3268J9685,490.0,34,0,0,0,1,400,400,0,1,1
112460,7759J2744,560.0,33,0,0,0,1,500,500,4,1,1
112480,7358J5811,590.0,84,0,1,0,0,150,150,0,1,1
112561,2427J3133,690.0,69,0,1,0,0,250,250,0,1,1
112579,4282J8887,800.0,48,0,1,0,0,1000,500,0,1,1
112621,7343J6592,390.0,75,0,0,1,0,300,300,0,1,1
112635,3931J5361,700.0,107,0,0,1,0,1000,200,8,1,1
112663,3267J9102,400.0,48,0,0,1,0,100,100,0,1,1
112684,7534J7713,690.0,87,0,1,0,0,250,250,0,1,1
112789,2323J8717,390.0,49,0,0,1,0,300,300,0,1,1
112816,7367J5463,690.0,102,0,1,1,1,1000,300,0,1,1
112882,4463J6970,570.0,80,0,0,1,0,500,500,0,1,1
112921,7727J7085,500.0,95,0,0,1,0,300,300,0,1,1
112990,4561J6648,600.0,80,0,0,1,0,150,150,0,1,1
113019,7544J8577,390.0,33,0,0,1,0,300,300,0,1,1
113059,4222J9094,700.0,61,0,0,1,0,250,250,0,1,1
113060,4251J5654,490.0,46,0,1,0,0,300,300,0,1,1
113164,3248J6574,590.0,57,0,0,0,1,500,500,0,1,1
113177,7538J7934,360.0,27,0,0,0,1,100,100,0,1,1
113217,2316J7438,700.0,85,0,0,1,0,1000,200,0,1,1
113259,4289J7935,590.0,42,0,0,0,1,500,500,0,1,1
113361,2472J8155,490.0,78,0,0,1,0,400,400,0,1,1
113400,7736J8335,470.0,56,0,0,1,0,300,300,2,1,1
113469,2421J0726,199.0,46,0,1,0,0,15,10,0,1,1
113514,3261J9795,600.0,57,0,0,1,0,50,50,0,1,1
113606,2581J5106,129.0,37,0,1,0,0,20,20,0,1,1
113667,3828J2561,490.0,41,0,1,0,0,300,300,0,1,1
113697,5567J5643,690.0,87,0,1,0,0,1000,200,1,1,1
113711,4365J0390,590.0,50,0,1,0,0,500,500,0,1,1
113715,3847J4006,600.0,43,0,0,1,0,500,500,0,1,1
113782,2528J7495,590.0,35,0,0,1,0,600,600,0,1,1
113821,5333J6250,500.0,97,0,0,1,0,300,300,0,1,1
113832,7641J8847,390.0,58,0,0,1,0,300,300,0,1,1
113861,4249J6799,500.0,92,0,0,1,0,30,15,0,1,1
113948,3647J0355,590.0,117,0,1,1,1,600,600,0,1,1
114088,3532J7062,600.0,82,0,0,1,0,150,150,0,1,1
114115,4279J6866,700.0,80,0,0,1,0,1000,200,1,1,1
114197,4325J0053,690.0,110,0,1,0,0,1000,200,0,1,1
114253,2581J2406,490.0,56,0,0,1,0,400,400,0,1,1
114264,3828J9893,500.0,66,0,0,1,0,300,300,0,1,1
114354,2580J8972,500.0,86,0,0,1,0,50,50,0,1,1
114472,3471J9689,690.0,80,0,1,0,0,250,250,0,1,1
114510,5369J0231,810.0,95,0,0,1,0,1000,500,0,1,1
114513,2581J0464,129.0,33,0,1,0,0,20,20,0,1,1
114795,7551J8368,390.0,33,0,0,0,1,300,300,0,1,1
114842,4485J0668,360.0,40,0,1,0,0,100,100,0,1,1
114881,7734J6638,590.0,80,0,1,0,0,500,500,2,1,1
114882,7469J1561,700.0,34,0,0,1,0,1000,200,0,1,1
114928,7433J7644,490.0,76,0,1,0,0,300,300,0,1,1
114961,7621J6663,810.0,93,0,0,1,0,400,400,0,1,1
115033,3843J1565,300.0,29,0,1,0,0,20,10,0,1,1
115068,7548J8841,360.0,64,0,0,0,1,100,100,0,1,1
115110,4571J9737,470.0,73,0,0,1,0,300,300,0,1,1
115118,7755J1240,460.0,32,0,0,0,1,300,300,0,1,1
115164,5327J9465,390.0,49,0,0,1,0,300,300,0,1,1
115173,2276J0166,129.0,37,0,1,0,0,20,20,0,1,1
115240,7727J9686,600.0,78,0,0,1,0,500,500,0,1,1
115255,7743J6978,490.0,76,0,0,1,0,20,10,0,1,1
115267,3828J0528,700.0,118,0,0,1,0,1000,200,0,1,1
115479,7552J7642,460.0,27,0,0,0,1,300,300,0,1,1
115493,7727J3902,490.0,62,0,1,0,0,300,300,0,1,1
115515,4251J7370,600.0,89,0,0,1,0,500,500,2,1,1
115595,3262J7513,600.0,69,0,0,1,0,500,500,0,1,1
115617,5422J0327,700.0,72,0,0,1,0,1000,200,0,1,1
115694,5535J5538,470.0,81,0,0,1,0,300,300,0,1,1
115792,3851J6554,600.0,95,0,0,1,0,500,500,1,1,1
115910,3452J6164,500.0,47,0,0,1,0,300,300,0,1,1
115933,2420J1222,400.0,75,0,0,1,0,300,300,0,1,1
115957,3860J1577,700.0,56,0,0,1,0,1000,200,0,1,1
115964,3843J0779,600.0,60,0,0,1,0,500,500,1,1,1
115971,2224J9398,390.0,26,0,1,0,1,300,300,0,1,1
115972,2251J5442,390.0,23,0,0,1,0,300,300,0,1,1
116009,7562J1570,690.0,63,0,1,1,1,1000,300,0,1,1
116024,3433J1252,600.0,63,0,0,1,0,50,20,0,1,1
116035,2512J5783,400.0,40,0,1,0,0,300,300,0,1,1
116060,7782J1772,390.0,56,0,1,0,0,100,100,0,1,1
116065,2373J7176,590.0,40,0,1,0,0,500,500,0,1,1
116076,2315J9750,490.0,52,0,0,1,0,400,400,0,1,1
116130,3851J3041,800.0,55,0,1,0,0,1000,500,0,1,1
116184,2534J0669,129.0,35,0,1,0,0,20,20,2,1,1
116189,2231J8246,800.0,57,0,1,1,0,100,100,0,1,1
116211,5663J9332,390.0,28,0,0,1,0,300,300,0,1,1
116220,4284J5643,690.0,91,0,1,0,0,1000,200,1,1,1
116385,5500J0213,700.0,123,0,0,1,0,100,100,0,1,1
116420,7727J4117,490.0,61,0,1,0,0,300,300,0,1,1
116443,7478J5674,690.0,101,0,1,1,1,1000,300,0,1,1
116473,3262J0267,500.0,35,0,0,1,0,300,300,0,1,1
116528,3863J9505,500.0,72,0,0,1,0,300,300,0,1,1
116579,2518J6045,129.0,36,0,1,0,0,20,20,0,1,1
116597,2323J9356,390.0,49,0,0,1,0,300,300,0,1,1
116613,2526J9340,390.0,90,0,0,1,0,300,300,0,1,1
116664,3851J8930,560.0,77,0,1,0,0,500,500,0,1,1
116689,7728J2290,690.0,41,0,1,0,0,1000,200,74,1,1
116814,2567J8418,600.0,94,0,0,1,0,500,500,0,1,1
116905,3863J8576,600.0,79,0,0,1,0,500,500,0,1,1
116922,2375J3670,129.0,34,0,1,0,0,20,20,0,1,1
116947,7621J0275,400.0,25,0,1,1,0,150,150,0,1,1
117013,7759J2609,460.0,34,0,0,0,1,300,300,0,1,1
117060,2427J4456,590.0,64,0,1,0,0,150,150,0,1,1
117108,2431J1089,390.0,56,0,0,1,0,300,300,0,1,1
117138,2372J1252,600.0,112,0,0,1,0,500,500,0,1,1
117142,7759J7695,790.0,80,0,1,0,0,100,30,0,1,1
117208,3728J6961,600.0,89,0,0,1,0,50,20,0,1,1
117244,3951J9207,500.0,83,0,0,1,0,300,300,0,1,1
117535,2517J2690,390.0,65,0,0,0,1,300,300,0,1,1
117661,3262J5200,810.0,42,0,0,1,0,1000,500,1,1,1
117675,7750J8550,690.0,88,0,0,0,1,250,250,0,1,1
117702,7642J5222,690.0,109,0,1,0,0,250,250,0,1,1
117715,3845J5718,700.0,96,0,0,1,0,250,250,0,1,1
117768,7548J8173,490.0,71,0,1,0,0,65,20,0,1,1
117798,2323J5095,700.0,102,0,1,1,0,150,150,0,1,1
117902,2527J6856,490.0,79,0,0,1,0,400,400,0,1,1
117925,7657J7026,690.0,68,0,1,0,0,1000,200,0,1,1
118014,7657J8898,800.0,35,0,1,0,0,1000,500,0,1,1
118118,7358J5502,600.0,91,0,0,1,0,150,150,0,1,1
118127,7657J6775,490.0,73,0,1,0,0,300,300,0,1,1
118136,4532J3850,560.0,20,0,1,0,0,500,500,0,1,1
118154,2526J6624,500.0,99,0,0,1,0,300,300,0,1,1
118178,3838J6906,810.0,89,0,0,1,0,1000,500,0,1,1
118294,2420J1132,600.0,75,0,0,1,0,500,500,0,1,1
118319,2421J3587,199.0,36,0,1,0,0,15,10,0,1,1
118333,2323J9098,590.0,51,0,1,0,0,500,500,0,1,1
118437,3552J3751,590.0,33,0,1,1,1,600,600,1,1,1
118575,7734J6461,590.0,82,0,1,0,0,500,500,0,1,1
118603,3837J6924,700.0,97,0,0,1,0,250,250,0,1,1
118717,5445J5926,600.0,86,0,0,1,0,150,150,0,1,1
118762,7755J9204,460.0,56,0,0,0,1,300,300,0,1,1
118801,7541J7133,800.0,70,0,1,0,0,1000,500,0,1,1
118854,4365J4861,360.0,26,0,0,0,1,100,100,0,1,1
118868,3240J1990,490.0,36,0,0,0,1,400,400,0,1,1
118907,7759J9839,460.0,57,0,0,0,1,300,300,0,1,1
118926,3247J6115,600.0,95,0,0,1,0,500,500,0,1,1
118967,2427J4988,590.0,75,0,1,0,0,150,150,0,1,1
119118,2583J1162,600.0,63,0,0,1,0,500,500,0,1,1
119226,2428J1259,800.0,58,0,1,0,0,1000,500,0,1,1
119280,3471J7037,590.0,94,0,1,0,0,500,500,0,1,1
119404,4324J7239,590.0,80,0,1,0,0,500,500,0,1,1
119454,2517J3622,390.0,58,0,0,0,1,300,300,0,1,1
119463,7333J6189,700.0,106,0,0,1,0,1000,200,1,1,1
119464,4371J2485,390.0,16,0,1,0,0,300,300,0,1,1
119574,7727J9752,690.0,78,0,1,0,0,1000,200,0,1,1
119581,4228J6285,700.0,93,0,0,1,0,250,250,0,1,1
119647,2421J0475,199.0,47,0,1,0,0,15,10,0,1,1
119825,3943J7707,700.0,64,0,0,1,0,100,50,3,1,1
119884,7520J3104,500.0,41,0,0,1,0,300,300,0,1,1
119973,7759J1404,360.0,47,0,0,0,1,100,100,1,1,1
119987,2427J4076,800.0,65,0,1,0,0,1000,500,0,1,1
119994,2526J1605,590.0,14,0,0,1,0,600,600,0,1,1
120031,4382J2073,460.0,39,0,0,0,1,300,300,0,1,1
120043,2375J2712,129.0,37,0,1,0,0,20,20,0,1,1
120124,2526J3780,590.0,86,0,1,0,0,500,500,1,1,1
120164,2251J0363,129.0,37,0,1,0,0,20,20,0,1,1
120199,2251J3562,390.0,28,0,0,1,0,300,300,0,1,1
120286,3851J8937,700.0,77,0,0,1,0,1000,200,5,1,1
120296,3624J6069,500.0,94,0,0,1,0,300,300,0,1,1
120444,3721J5432,1410.0,104,0,1,1,0,500,500,0,1,1
120462,2581J9060,600.0,82,0,0,1,0,500,500,0,1,1
120509,7754J9968,690.0,52,0,1,0,0,250,250,0,1,1
120565,2276J0802,129.0,34,0,1,0,0,20,20,0,1,1
120616,7520J0494,390.0,56,0,1,0,0,100,100,0,1,1
120694,3863J6540,700.0,95,0,0,1,0,1000,200,2,1,1
120720,4270J2400,370.0,37,0,0,1,0,100,100,0,1,1
120730,7634J9723,790.0,40,0,0,1,0,1000,700,0,1,1
120732,2551J7475,600.0,95,0,0,1,0,150,150,0,1,1
120833,3552J9070,500.0,55,0,0,1,0,50,50,0,1,1
120998,2316J4454,600.0,41,0,0,1,0,500,500,0,1,1
121123,7759J2806,460.0,33,0,0,0,1,300,300,0,1,1
121233,4247J7269,600.0,81,0,0,1,0,150,150,0,1,1
121275,3534J8384,590.0,29,0,1,1,1,600,600,0,1,1
121363,7743J5568,445.0,94,0,1,0,0,100,100,0,1,1
121390,7727J0772,690.0,93,0,1,0,0,1000,200,0,1,1
121420,2583J2141,400.0,57,0,1,0,0,300,300,0,1,1
121575,2433J0924,400.0,88,0,0,1,0,300,300,1,1,1
121642,3242J1232,600.0,115,0,0,1,0,500,500,0,1,1
121707,3828J6253,500.0,96,0,0,1,0,300,300,0,1,1
121790,7521J6295,400.0,105,0,0,1,0,100,100,0,1,1
121874,5421J7899,810.0,91,0,0,1,0,1000,500,0,1,1
122039,3437J0238,700.0,113,0,0,1,0,1000,200,0,1,1
122067,5372J7024,490.0,75,0,0,1,0,65,20,0,1,1
122144,7468J1165,700.0,37,0,0,1,0,1000,200,0,1,1
122232,2472J2330,390.0,57,0,0,1,0,300,300,0,1,1
122234,3647J8885,390.0,37,0,1,0,1,300,300,0,1,1
122251,4420J1271,690.0,30,0,1,1,1,1000,300,2,1,1
122309,2373J6355,590.0,42,0,0,1,0,600,600,0,1,1
122418,7727J9726,800.0,78,0,1,0,0,1000,500,0,1,1
122429,2583J4042,390.0,47,0,0,1,0,300,300,0,1,1
122454,2527J5943,400.0,82,0,0,1,0,100,100,0,1,1
122463,4249J1352,399.0,74,0,0,1,0,30,15,0,1,1
122538,3865J6185,500.0,91,0,0,1,0,50,50,0,1,1
122542,4281J0146,390.0,49,0,0,0,1,300,300,2,1,1
122672,4481J3175,700.0,54,0,0,1,0,100,100,3,1,1
122689,7751J0349,390.0,46,0,0,0,1,300,300,0,1,1
122705,7469J0152,500.0,121,0,0,1,0,300,300,0,1,1
122818,2583J3966,129.0,33,0,1,0,0,20,20,0,1,1
123005,7541J9127,690.0,78,0,1,0,0,1000,200,0,1,1
123094,5576J6240,470.0,80,0,0,1,0,300,300,0,1,1
123184,7526J7788,360.0,61,0,1,0,0,100,100,0,1,1
123190,4486J1351,500.0,47,0,0,1,0,50,50,0,1,1
123256,7731J9487,390.0,35,0,0,1,0,300,300,2,1,1
123262,3448J5153,810.0,101,0,0,1,0,1000,500,0,1,1
123360,3225J6806,490.0,58,0,1,0,0,300,300,0,1,1
123445,4250J5656,600.0,36,0,0,1,0,500,500,0,1,1
123478,7425J4746,390.0,56,0,1,0,0,100,100,0,1,1
123501,7759J3169,360.0,29,0,0,0,1,100,100,0,1,1
123560,7550J2689,500.0,34,0,0,1,0,300,300,5,1,1
123610,5335J2367,690.0,33,0,1,0,1,1000,500,0,1,1
123632,2434J2915,490.0,63,0,0,1,0,400,400,0,1,1
123687,3951J9733,590.0,81,0,1,0,0,500,500,0,1,1
123713,4241J6617,390.0,94,0,0,1,0,300,300,0,1,1
123777,2457J7185,790.0,88,0,0,1,0,1000,500,0,1,1
123836,7323J6793,490.0,71,0,1,0,0,300,300,0,1,1
123838,4327J2355,360.0,40,0,1,0,0,100,100,1,1,1
124078,7742J0541,700.0,71,0,0,1,0,500,500,0,1,1
124238,4482J0305,360.0,42,0,1,0,0,100,100,0,1,1
124399,5448J7192,400.0,35,0,0,1,0,100,100,0,1,1
124431,2374J3785,700.0,57,0,0,1,0,500,500,0,1,1
124450,3262J9981,500.0,37,0,0,1,1,100,100,0,1,1
124508,2580J4745,600.0,78,0,0,1,0,150,150,0,1,1
124518,3943J5814,700.0,91,0,0,1,0,1000,200,0,1,1
124572,4460J1426,590.0,53,0,1,0,0,50,50,0,1,1
124577,7727J4369,690.0,60,0,1,0,0,1000,200,0,1,1
124679,2533J2176,390.0,51,0,0,1,0,300,300,1,1,1
124740,3551J9721,460.0,42,0,0,0,1,300,300,0,1,1
124968,7367J5129,810.0,111,0,0,1,0,1000,500,0,1,1
125139,5523J7090,500.0,80,0,0,1,0,50,50,1,1,1
125309,4277J2890,1099.0,21,0,1,0,0,1000,1000,0,1,1
125380,7742J2602,700.0,61,0,0,1,0,100,100,0,1,1
125457,2231J6725,600.0,79,0,0,1,0,500,500,0,1,1
125468,2373J6850,400.0,41,0,1,0,0,300,300,0,1,1
125572,3840J9773,600.0,43,0,0,1,0,500,500,0,1,1
125589,3863J5067,700.0,57,0,0,1,0,1000,200,0,1,1
125654,4404J3648,199.0,46,0,1,0,0,10,5,0,1,1
125680,2511J7276,400.0,63,0,1,0,0,300,300,0,1,1
125820,4284J5152,690.0,104,0,1,0,0,1000,200,0,1,1
125841,3222J8642,560.0,42,0,0,0,1,500,500,1,1,1
126001,7727J8207,690.0,67,0,1,0,0,1000,200,0,1,1
126003,7535J0864,390.0,36,0,0,0,1,300,300,0,1,1
126014,3721J5198,600.0,106,0,0,1,0,150,150,0,1,1
126065,4385J5489,390.0,15,0,1,0,0,300,300,0,1,1
126092,5324J7802,590.0,78,0,1,0,0,500,500,0,1,1
126291,2421J5094,199.0,32,0,1,0,0,15,10,0,1,1
126308,2427J0411,690.0,95,0,1,0,0,1000,200,0,1,1
126345,7634J1964,1099.0,17,0,1,0,0,1000,1000,0,1,1
126400,3251J8061,500.0,74,0,0,1,0,300,300,0,1,1
126478,5570J5403,700.0,106,0,0,1,0,250,250,2,1,1
126570,7751J2039,490.0,35,0,0,0,1,300,300,0,1,1
126690,3867J8559,810.0,84,0,0,1,0,200,200,1,1,1
126751,2457J7000,700.0,89,0,0,1,0,100,100,0,1,1
126769,7553J5717,590.0,87,0,1,0,0,500,500,0,1,1
126771,3840J9096,700.0,86,0,0,1,0,250,250,0,1,1
126779,5621J9185,449.0,70,0,0,1,0,50,20,1,1,1
126813,7553J5166,490.0,68,0,1,0,0,300,300,0,1,1
126935,2518J5855,129.0,37,0,1,0,0,20,20,0,1,1
127144,3869J5720,700.0,105,0,0,1,1,500,500,0,1,1
127253,7550J0889,910.0,47,0,1,1,0,1000,500,0,1,1
127273,2533J7567,500.0,39,0,1,1,0,300,300,0,1,1
127330,7745J8597,490.0,43,0,0,0,1,300,300,0,1,1
127386,3555J6224,600.0,89,0,0,1,0,500,500,0,1,1
127415,3447J6029,500.0,96,0,0,1,0,300,300,0,1,1
127424,7527J8063,470.0,70,0,0,1,0,300,300,0,1,1
127476,5327J5656,800.0,103,0,1,0,0,1000,500,0,1,1
127529,7621J6053,590.0,71,0,1,0,0,500,500,0,1,1
127530,2436J2495,400.0,38,0,0,1,0,300,300,0,1,1
127545,3561J8739,590.0,73,0,0,0,1,150,150,3,1,1
127599,2582J5211,810.0,50,0,0,1,0,1000,500,0,1,1
127624,7534J8801,690.0,79,0,1,0,0,250,250,0,1,1
127643,7759J2681,390.0,34,0,0,0,1,100,100,0,1,1
127669,3837J7527,690.0,94,0,1,0,0,250,250,0,1,1
127671,7341J7529,590.0,66,0,1,0,0,150,150,0,1,1
127718,5526J0861,360.0,20,0,0,0,1,100,100,0,1,1
127774,2527J9540,390.0,72,0,0,1,0,300,300,0,1,1
127788,2431J0406,390.0,58,0,0,1,0,300,300,0,1,1
127792,7537J7267,570.0,64,0,0,1,0,500,500,0,1,1
127972,7754J9249,360.0,59,0,0,0,1,100,100,0,1,1
127986,3841J5406,590.0,106,0,1,0,0,500,500,0,1,1
128015,7759J0588,460.0,53,0,0,0,1,300,300,0,1,1
128033,4382J3787,460.0,29,0,1,0,1,100,100,1,1,1
128249,5329J0282,690.0,116,0,0,0,1,250,250,0,1,1
128277,7755J9335,460.0,54,0,0,0,1,300,300,0,1,1
128368,2527J1837,390.0,63,0,0,1,0,300,300,0,1,1
128492,2375J2339,390.0,38,0,0,1,0,300,300,0,1,1
128549,3552J6766,590.0,82,0,0,0,1,150,150,0,1,1
128599,5360J4999,390.0,75,0,1,0,0,100,100,0,1,1
128602,7781J6703,390.0,105,0,0,0,1,100,100,1,1,1
128612,3931J6539,810.0,100,0,0,1,0,1000,500,0,1,1
128628,3727J5205,700.0,105,0,1,1,0,150,150,0,1,1
128671,5672J9338,490.0,55,0,1,0,0,300,300,0,1,1
128697,2567J9212,400.0,92,0,1,0,0,300,300,0,1,1
128785,3471J6791,590.0,25,0,1,0,1,600,600,0,1,1
128812,2526J4574,199.0,84,0,1,0,0,15,10,0,1,1
128865,3724J6883,700.0,91,0,0,1,0,500,500,1,1,1
129072,2316J1816,810.0,115,0,0,1,0,1000,500,0,1,1
129076,4544J0404,500.0,113,0,0,1,0,300,300,1,1,1
129089,3262J6875,600.0,79,0,0,1,0,500,500,0,1,1
129110,3538J5624,700.0,94,0,0,1,0,250,250,0,1,1
129189,4251J5902,600.0,98,0,0,1,0,500,500,2,1,1
129204,7527J5458,590.0,20,0,0,1,0,600,600,0,1,1
129239,3838J6281,600.0,95,0,0,1,0,500,500,0,1,1
129361,2527J4913,400.0,54,0,0,1,0,100,100,0,1,1
129414,5448J5395,690.0,103,0,1,0,0,100,100,0,1,1
129474,3931J7145,600.0,98,0,0,1,0,500,500,0,1,1
129496,7754J1124,460.0,46,0,0,0,1,300,300,1,1,1
129498,2532J5453,390.0,72,0,0,1,0,300,300,0,1,1
129523,2271J5944,700.0,90,0,0,1,0,1000,200,1,1,1
129544,4232J7395,370.0,35,0,0,1,0,100,100,0,1,1
129570,2583J1331,600.0,62,0,0,1,0,500,500,0,1,1
129600,4270J3588,390.0,30,0,1,0,1,300,300,0,1,1
129700,2387J0397,690.0,22,0,1,0,1,1000,500,0,1,1
129980,2373J7052,590.0,40,0,1,0,0,500,500,0,1,1
130010,4576J0130,470.0,39,0,0,1,0,300,300,1,1,1
130039,2581J8853,129.0,35,0,1,0,0,20,20,0,1,1
130109,3828J7083,500.0,91,0,0,1,0,300,300,0,1,1
130167,7754J0748,590.0,49,0,0,0,1,500,500,0,1,1
130195,4271J2357,590.0,64,0,1,0,0,500,500,0,1,1
130215,7562J7952,1000.0,22,0,0,1,1,1000,1000,0,1,1
130347,7538J8089,360.0,21,0,0,0,1,100,100,0,1,1
130358,7755J1516,460.0,28,0,0,0,1,300,300,0,1,1
130372,4422J7989,690.0,67,0,1,0,0,65,20,0,1,1
130380,3552J7938,490.0,71,0,1,0,0,300,300,0,1,1
130382,7425J0238,690.0,74,0,1,1,1,1000,300,0,1,1
130457,5624J6623,590.0,78,0,1,0,0,500,500,0,1,1
130471,2580J6468,400.0,96,0,0,1,0,300,300,4,1,1
130476,2375J9502,390.0,20,0,0,1,0,300,300,0,1,1
130497,3828J9954,500.0,65,0,0,1,0,300,300,0,1,1
130590,2420J2027,600.0,72,0,0,1,0,500,500,0,1,1
130601,4223J0563,690.0,58,0,1,0,0,1000,200,0,1,1
130820,4376J5132,810.0,102,0,0,1,0,400,400,0,1,1
130840,3240J1609,600.0,40,0,0,1,0,500,500,3,1,1
130871,4222J6617,390.0,65,0,1,0,0,100,100,0,1,1
130901,4231J7170,700.0,90,0,0,1,0,1000,200,0,1,1
130932,3828J9979,810.0,65,0,0,1,0,1000,500,0,1,1
131008,2551J1823,500.0,73,0,0,1,0,300,300,0,1,1
131017,4485J7989,590.0,65,0,0,0,1,500,500,0,1,1
131025,3837J1334,700.0,75,0,0,1,0,250,250,0,1,1
131118,4279J8250,560.0,74,0,1,0,0,500,500,0,1,1
131207,7621J7992,690.0,82,0,0,0,1,1000,200,0,1,1
131219,3532J8104,800.0,68,0,1,0,0,1000,500,1,1,1
131284,2533J7872,500.0,39,0,1,1,0,100,100,0,1,1
131315,2250J1860,700.0,56,0,0,1,0,100,100,0,1,1
131364,2241J3128,129.0,33,0,1,0,0,20,20,0,1,1
131386,2534J1615,129.0,34,0,1,0,0,20,20,0,1,1
131484,4531J1157,600.0,61,0,0,1,0,50,50,0,1,1
131547,7538J0106,590.0,121,0,1,1,1,600,600,0,1,1
131595,3837J7772,700.0,92,0,0,1,0,1000,200,0,1,1
131675,4328J6865,470.0,75,0,0,1,0,300,300,0,1,1
131703,5451J9627,799.0,65,0,0,0,1,500,500,0,1,1
131802,7727J4868,590.0,75,0,1,0,0,500,500,0,1,1
131847,2583J8049,400.0,38,0,1,0,0,300,300,0,1,1
131862,4551J6961,690.0,83,0,1,1,0,100,50,0,1,1
132070,7541J5484,700.0,109,0,0,1,0,1000,200,0,1,1
132097,5421J5792,700.0,104,0,0,1,1,500,500,0,1,1
132113,7550J2745,490.0,34,0,1,0,0,300,300,0,1,1
132177,7631J7621,590.0,74,0,1,0,0,500,500,0,1,1
132202,4282J5905,600.0,85,0,0,1,0,500,500,0,1,1
132230,2533J7957,390.0,39,0,0,1,0,300,300,0,1,1
132240,7734J8724,500.0,52,0,0,1,0,300,300,0,1,1
132324,7631J7947,590.0,71,0,1,0,0,500,500,0,1,1
132345,7754J6016,810.0,97,0,0,1,0,400,400,0,1,1
132349,2532J0730,600.0,85,0,0,1,0,500,500,14,1,1
132485,4532J8196,470.0,73,0,0,1,0,300,300,0,1,1
132500,5351J4004,390.0,71,0,0,1,0,300,300,0,1,1
132531,4386J3553,360.0,31,0,0,0,1,100,100,0,1,1
132539,2567J1280,400.0,80,0,0,1,0,300,300,0,1,1
132549,2532J4153,390.0,75,0,0,1,0,300,300,0,1,1
132559,7534J3990,390.0,55,0,0,1,0,300,300,0,1,1
132570,7727J3155,690.0,67,0,1,0,0,1000,200,0,1,1
132580,2420J6226,600.0,93,0,0,1,0,500,500,1,1,1
132663,3937J5644,590.0,93,0,0,1,0,500,500,0,1,1
132819,7745J5967,690.0,89,0,0,0,1,1000,200,0,1,1
132862,5537J5657,700.0,100,0,0,1,0,100,50,0,1,1
132984,2421J5330,490.0,31,0,0,1,0,400,400,0,1,1
133167,7755J9171,460.0,56,0,0,0,1,300,300,0,1,1
133174,4223J8675,390.0,35,0,1,0,0,100,100,0,1,1
133196,3437J6907,600.0,80,0,0,1,0,500,500,0,1,1
133225,2434J7721,500.0,54,0,0,1,0,30,30,0,1,1
133253,7759J2529,360.0,35,0,0,0,1,100,100,0,1,1
133257,5378J9790,590.0,31,0,1,1,1,600,600,0,1,1
133266,3823J6867,790.0,33,0,1,1,1,1000,500,0,1,1
133426,3251J6732,500.0,86,0,0,1,0,300,300,0,1,1
133455,5531J6801,370.0,72,0,0,1,0,100,100,0,1,1
133498,4322J5313,700.0,104,0,0,1,0,250,250,7,1,1
133523,4281J3056,589.0,17,0,1,0,1,1000,700,0,1,1
133601,3225J7272,490.0,46,0,1,0,0,300,300,0,1,1
133621,2582J8346,400.0,38,0,0,1,0,300,300,0,1,1
133643,7751J1079,600.0,40,0,0,1,0,500,500,0,1,1
133651,7351J8797,700.0,80,0,0,1,0,1000,200,0,1,1
133773,7727J9200,690.0,81,0,1,0,0,1000,200,0,1,1
133777,7634J6218,690.0,17,0,1,1,1,1000,500,0,1,1
133812,7461J0372,600.0,114,0,0,1,0,500,500,0,1,1
133827,2534J0095,129.0,35,0,1,0,0,20,20,0,1,1
133867,4281J6486,700.0,90,0,0,1,0,1000,200,0,1,1
133916,7731J6447,590.0,84,0,1,1,1,600,600,0,1,1
134121,7341J6896,390.0,74,0,0,1,0,300,300,0,1,1
134165,2583J0895,600.0,64,0,0,1,0,500,500,0,1,1
134244,3453J3240,370.0,21,0,0,1,0,100,100,0,1,1
134260,7727J4150,490.0,61,0,1,0,0,300,300,0,1,1
134281,5461J7274,570.0,55,0,0,1,0,500,500,0,1,1
134282,3437J5620,700.0,96,0,0,1,0,1000,200,0,1,1
134324,2552J2068,500.0,54,0,0,1,0,300,300,0,1,1
134335,5523J5293,700.0,105,0,0,1,0,250,250,0,1,1
134337,2512J2779,199.0,47,0,1,0,0,15,10,0,1,1
134340,7781J0173,390.0,125,0,0,1,0,300,300,0,1,1
134374,5570J0530,700.0,120,0,0,1,0,250,250,0,1,1
134385,2534J4289,390.0,30,0,1,0,1,300,300,0,1,1
134414,2527J6665,590.0,80,0,1,0,0,500,500,1,1,1
134494,7727J9391,800.0,80,0,1,0,0,1000,500,0,1,1
134520,7471J2373,360.0,40,0,0,0,1,100,100,2,1,1
134560,7759J3194,460.0,29,0,0,0,1,300,300,0,1,1
134604,2580J9483,600.0,84,0,0,1,0,150,150,0,1,1
134686,4561J4708,370.0,40,0,0,1,0,100,100,1,1,1
134732,4451J5452,700.0,102,0,0,1,0,100,100,0,1,1
134851,7731J9373,390.0,38,0,0,0,1,100,100,0,1,1
134870,5471J2439,199.0,35,0,1,0,0,15,10,0,1,1
134918,7544J8954,490.0,23,0,0,0,1,300,300,0,1,1
134963,2517J4270,390.0,55,0,0,1,0,300,300,0,1,1
135009,2518J2070,390.0,48,0,0,1,0,300,300,0,1,1
135049,2251J0226,690.0,38,0,1,0,0,1000,200,0,1,1
135276,2421J1037,199.0,45,0,1,0,0,15,10,0,1,1
135355,2582J9052,400.0,36,0,1,0,0,300,300,0,1,1
135381,2458J1234,600.0,53,0,0,1,0,50,50,0,1,1
135424,2567J2969,600.0,73,0,0,1,0,500,500,0,1,1
135598,5421J5963,600.0,102,0,0,1,0,500,500,0,1,1
135600,2415J4889,690.0,74,0,1,0,0,250,250,0,1,1
135772,2533J1957,390.0,51,0,0,1,0,300,300,1,1,1
135781,3247J0543,490.0,38,0,0,0,1,300,300,0,1,1
135844,3452J3228,370.0,58,0,0,1,0,100,100,0,1,1
135909,7534J7662,590.0,87,0,1,0,0,150,150,0,1,1
136151,4231J7196,600.0,90,0,0,1,0,500,500,0,1,1
136286,3951J6547,700.0,97,0,0,1,0,1000,200,0,1,1
136338,3831J5535,690.0,106,0,1,0,0,1000,200,0,1,1
136343,3553J9530,800.0,41,0,1,0,0,1000,500,0,1,1
136404,2568J0736,500.0,71,0,0,1,0,300,300,0,1,1
136436,3951J9853,690.0,80,0,1,0,0,1000,200,0,1,1
136470,7461J8890,810.0,80,0,0,1,0,1000,500,0,1,1
136508,2398J6721,490.0,48,0,0,1,0,400,400,0,1,1
136632,2517J4679,690.0,54,0,1,1,1,1000,300,1,1,1
136636,5323J6263,490.0,29,0,0,1,0,400,400,0,1,1
136647,7323J7175,400.0,67,0,0,1,0,100,100,0,1,1
136688,4241J8800,390.0,43,0,0,1,0,300,300,0,1,1
136713,3869J6279,275.0,100,0,1,0,0,15,5,0,1,1
136863,4441J9450,810.0,45,0,0,1,0,1000,500,2,1,1
136872,2426J6889,490.0,26,0,0,1,0,400,400,0,1,1
136897,3845J9219,500.0,40,0,0,1,0,300,300,0,1,1
136925,7743J6651,600.0,78,0,0,1,0,500,500,0,1,1
136986,4241J5325,490.0,20,0,1,0,1,400,400,0,1,1
136990,7727J3854,590.0,63,0,1,0,0,500,500,0,1,1
136992,3958J6231,800.0,54,0,1,0,0,1000,500,0,1,1
137092,2421J1880,400.0,42,0,1,0,0,300,300,0,1,1
137122,7750J1601,490.0,77,0,1,0,0,300,300,0,1,1
137152,2323J8413,1300.0,59,0,1,0,0,1000,500,1,1,1
137210,4382J4805,690.0,18,0,1,0,0,1000,500,0,1,1
137369,4460J5749,800.0,97,0,1,0,0,200,200,0,1,1
137400,2583J8292,600.0,37,0,0,1,0,500,500,0,1,1
137436,2316J7387,700.0,86,0,0,1,0,1000,200,1,1,1
137566,3828J6283,600.0,96,0,0,1,0,500,500,0,1,1
137609,7641J7341,560.0,75,0,1,0,0,500,500,0,1,1
137689,5651J9134,490.0,53,0,0,1,0,400,400,4,1,1
137732,7759J9541,390.0,60,0,0,0,1,100,100,0,1,1
137754,3442J5655,700.0,105,0,0,1,0,250,250,17,1,1
137776,3841J3113,800.0,78,0,1,0,0,1000,500,1,1,1
137793,3559J7871,590.0,68,0,0,0,1,150,150,1,1,1
137805,5371J6283,700.0,95,0,0,1,0,250,250,0,1,1
137815,3644J9349,560.0,41,0,1,0,0,500,500,0,1,1
137826,3727J7256,690.0,76,0,1,0,0,250,250,0,1,1
137829,2421J6474,199.0,28,0,1,0,0,15,10,0,1,1
137856,3823J9255,590.0,52,0,1,0,0,500,500,0,1,1
137909,5323J5701,800.0,67,0,0,0,1,1000,500,1,1,1
137927,7621J9622,590.0,36,0,1,0,0,500,500,0,1,1
137961,2433J1191,690.0,72,0,1,0,0,250,250,0,1,1
137968,7631J6259,690.0,62,0,1,0,0,250,250,0,1,1
137983,2415J1535,600.0,72,0,0,1,0,150,150,0,1,1
138001,3951J7453,700.0,91,0,0,1,0,1000,200,0,1,1
138050,2250J0726,390.0,62,0,0,1,0,300,300,0,1,1
138070,2472J2162,490.0,59,0,0,1,0,400,400,0,1,1
138080,3842J6899,600.0,91,0,0,1,0,500,500,7,1,1
138134,7367J5749,590.0,93,0,0,0,1,500,500,0,1,1
138141,3637J7437,590.0,33,0,1,1,0,600,600,0,1,1
138142,2415J8847,500.0,80,0,0,1,0,50,50,1,1,1
138166,4221J7138,500.0,97,0,0,1,0,300,300,1,1,1
138176,2240J1920,390.0,30,0,1,0,1,300,300,0,1,1
138350,4271J7782,500.0,83,0,0,1,0,300,300,0,1,1
138440,4221J6257,400.0,38,0,0,1,0,100,100,0,1,1
138443,4460J1481,390.0,53,0,1,0,0,30,30,0,1,1
138517,4548J1526,390.0,47,0,0,0,1,300,300,0,1,1
138580,2534J2174,129.0,33,0,1,0,0,20,20,0,1,1
138619,7553J9002,390.0,30,0,1,0,1,300,300,0,1,1
138674,2552J4738,390.0,36,0,0,1,0,300,300,1,1,1
138752,2551J4932,400.0,76,0,1,0,0,300,300,0,1,1
138756,3247J8859,490.0,59,0,0,0,1,300,300,0,1,1
139001,3931J0328,700.0,121,0,0,1,0,1000,200,0,1,1
139052,7743J0222,590.0,45,0,1,0,0,500,500,0,1,1
139055,3441J2909,800.0,43,0,0,0,1,1000,500,2,1,1
139135,2582J5976,199.0,47,0,1,0,0,15,10,0,1,1
139308,7550J2113,390.0,35,0,0,0,1,300,300,0,1,1
139412,5368J6340,600.0,74,0,0,1,0,150,150,0,1,1
139449,2517J6436,800.0,95,0,0,1,0,250,250,0,1,1
139557,2582J7754,400.0,39,0,1,0,0,300,300,0,1,1
139650,7433J8612,299.0,68,0,1,0,0,50,50,0,1,1
139740,2420J8467,590.0,81,0,1,0,0,500,500,0,1,1
139788,2241J2775,129.0,34,0,1,0,0,20,20,0,1,1
139911,7538J7261,449.0,44,0,0,1,0,50,20,0,1,1
140114,7754J8195,360.0,72,0,0,0,1,100,100,0,1,1
140141,4281J6068,500.0,93,0,0,1,0,50,50,0,1,1
140161,7759J2950,460.0,31,0,0,0,1,300,300,0,1,1
140248,4451J0962,800.0,75,0,1,0,0,1000,500,0,1,1
140306,7755J5672,690.0,83,0,1,0,0,250,250,1,1,1
140329,3864J5381,750.0,73,0,0,1,0,50,20,0,1,1
140373,7754J5072,690.0,112,0,1,0,0,500,500,0,1,1
140378,2551J3178,500.0,83,0,0,1,0,300,300,0,1,1
140407,7754J2487,460.0,30,0,0,0,1,300,300,0,1,1
140584,2551J3359,600.0,83,0,0,1,0,500,500,0,1,1
140682,2534J1814,129.0,33,0,1,0,0,20,20,0,1,1
140685,7754J7596,470.0,78,0,0,1,0,300,300,0,1,1
140827,2428J3930,490.0,51,0,1,0,0,300,300,0,1,1
140872,4281J5858,500.0,96,0,0,1,0,300,300,1,1,1
140950,2428J1162,590.0,59,0,1,0,0,150,150,0,1,1
140980,2241J2138,129.0,37,0,1,0,0,20,20,0,1,1
141010,7727J3095,590.0,68,0,1,0,0,500,500,0,1,1
141035,4223J1102,370.0,57,0,0,1,0,100,100,0,1,1
141105,4563J0606,360.0,37,0,0,0,1,100,100,0,1,1
141123,3851J6255,700.0,98,0,0,1,0,1000,200,1,1,1
141142,3951J0489,690.0,78,0,1,0,0,1000,200,0,1,1
141265,2528J1389,390.0,47,0,0,1,0,300,300,2,1,1
141282,7741J9291,460.0,38,0,0,0,1,300,300,0,1,1
141290,2434J3848,400.0,62,0,0,1,0,300,300,0,1,1
141316,4571J6182,570.0,32,0,0,1,0,500,500,2,1,1
141396,7750J0708,500.0,119,0,0,1,0,300,300,0,1,1
141412,2512J1707,800.0,50,0,1,0,0,1000,500,0,1,1
141467,3951J6479,600.0,99,0,0,1,0,500,500,0,1,1
141558,4482J0300,390.0,42,0,1,0,0,100,100,0,1,1
141578,4281J6996,500.0,85,0,0,1,0,300,300,0,1,1
141726,7755J7767,560.0,71,0,1,0,0,500,500,0,1,1
141793,7782J5313,390.0,30,0,1,0,1,300,300,0,1,1
141799,3251J0092,700.0,61,0,0,1,0,1000,200,0,1,1
141831,2567J4649,600.0,82,0,0,1,0,500,500,0,1,1
141965,4249J7589,600.0,86,0,0,1,0,50,20,0,1,1
142028,3553J8662,590.0,52,0,0,0,1,150,150,0,1,1
142064,2518J5757,129.0,37,0,1,0,0,20,20,0,1,1
142137,2420J8099,700.0,82,0,0,1,0,500,500,0,1,1
142140,7755J1031,560.0,34,0,0,0,1,500,500,0,1,1
142181,5576J8578,400.0,54,0,0,1,0,30,30,0,1,1
142278,7742J5842,590.0,99,0,1,0,0,500,500,1,1,1
142303,2431J3813,490.0,50,0,0,1,0,400,400,18,1,1
142433,7759J0746,360.0,52,0,0,0,1,100,100,0,1,1
142477,2421J0245,199.0,35,0,1,0,0,15,10,0,1,1
142555,4422J8738,490.0,58,0,1,0,0,300,300,0,1,1
142565,3232J6133,700.0,99,0,0,1,0,1000,200,0,1,1
142591,2533J9002,129.0,37,0,1,0,0,20,20,0,1,1
142758,5570J6791,600.0,96,0,0,1,0,150,150,1,1,1
142921,4277J7256,490.0,76,0,0,1,0,400,400,0,1,1
142947,3838J5307,700.0,104,0,0,1,0,1000,200,0,1,1
143001,3840J5288,700.0,104,0,0,1,0,250,250,0,1,1
143154,3951J7130,700.0,93,0,0,1,0,1000,200,0,1,1
143166,2373J0276,800.0,64,0,1,1,0,250,250,0,1,1
143300,3840J6707,1010.0,96,0,0,1,0,300,300,4,1,1
143319,3223J1234,470.0,39,0,0,1,0,300,300,0,1,1
143426,7742J1895,1010.0,69,0,0,1,0,1000,700,0,1,1
143438,7320J1324,490.0,35,0,1,0,1,400,400,0,1,1
143479,3459J6813,500.0,39,0,0,1,0,300,300,0,1,1
143507,3442J1496,700.0,75,0,0,1,0,250,250,0,1,1
143509,2416J3781,199.0,37,0,1,0,0,15,10,0,1,1
143515,2224J4978,699.0,20,0,1,0,0,1000,200,0,1,1
143554,2581J9794,500.0,75,0,1,1,0,300,300,3,1,1
143657,2583J2099,600.0,57,0,0,1,0,500,500,0,1,1
143674,4488J5573,670.0,83,0,1,1,0,500,500,0,1,1
143710,4251J6288,500.0,96,0,0,1,0,300,300,0,1,1
143766,3831J3292,690.0,56,0,1,0,0,1000,200,0,1,1
143775,4571J0691,470.0,69,0,0,1,0,300,300,0,1,1
143846,4281J7197,600.0,83,0,0,1,0,500,500,0,1,1
143875,5327J8553,690.0,72,0,1,0,0,1000,200,0,1,1
143929,2215J6327,390.0,62,0,0,1,0,300,300,0,1,1
143960,4451J6073,700.0,95,0,0,1,0,100,50,0,1,1
144020,7527J5710,490.0,17,0,0,1,0,400,400,0,1,1
144021,2518J7366,129.0,34,0,1,0,0,20,20,0,1,1
144078,3955J0023,590.0,38,0,1,0,0,500,500,0,1,1
144175,7544J6783,600.0,67,0,1,1,0,300,300,0,1,1
144258,7727J2474,690.0,72,0,1,0,0,1000,200,0,1,1
144274,2581J6277,700.0,99,0,0,1,0,250,250,0,1,1
144391,7561J8524,590.0,95,0,1,1,1,600,600,0,1,1
144440,2533J9123,500.0,37,0,1,1,0,300,300,1,1,1
144442,4270J3109,490.0,33,0,0,1,0,400,400,0,1,1
144517,2433J8981,810.0,84,0,0,1,0,1000,500,11,1,1
144689,3869J4512,490.0,37,0,0,0,1,300,300,0,1,1
144758,4322J7464,490.0,73,0,1,0,0,35,20,0,1,1
144827,5541J0156,600.0,128,0,0,1,0,500,500,0,1,1
144870,3869J2250,800.0,67,0,1,0,0,100,50,0,1,1
144899,7759J9722,360.0,58,0,0,0,1,100,100,0,1,1
144920,7541J8440,690.0,83,0,1,0,0,1000,200,0,1,1
144936,2421J3630,199.0,36,0,1,0,0,15,10,0,1,1
144957,3843J3378,400.0,40,0,0,1,0,100,100,1,1,1
145021,7759J2826,560.0,33,0,0,0,1,500,500,0,1,1
145042,2271J4251,490.0,27,0,0,1,0,400,400,0,1,1
145058,2531J4025,390.0,62,0,0,1,0,300,300,12,1,1
145076,7759J3270,460.0,28,0,0,0,1,300,300,0,1,1
145198,2528J1554,199.0,47,0,1,0,0,15,10,0,1,1
145200,7781J5210,500.0,114,0,0,1,0,50,50,0,1,1
145277,3647J6285,500.0,90,0,0,1,0,300,300,2,1,1
145419,2271J3165,129.0,33,0,1,0,0,20,20,0,1,1
145431,4531J6823,600.0,86,0,0,1,0,500,500,0,1,1
145507,3223J1322,470.0,37,0,0,1,0,300,300,1,1,1
145512,2275J9868,700.0,62,0,0,1,0,250,250,0,1,1
145584,7535J1630,490.0,26,0,1,0,1,400,400,0,1,1
145642,7341J6137,600.0,85,0,0,1,0,150,150,0,1,1
145669,2551J3759,400.0,81,0,0,1,0,300,300,0,1,1
145685,3863J6457,590.0,95,0,1,0,0,500,500,0,1,1
145695,2458J0724,690.0,56,0,1,0,0,250,250,0,1,1
145753,7471J0684,490.0,60,0,1,0,0,300,300,0,1,1
145767,2534J2286,390.0,32,0,0,1,0,300,300,0,1,1
145797,7541J6500,600.0,99,0,0,1,0,500,500,0,1,1
145864,4482J0337,360.0,42,0,1,0,0,100,100,1,1,1
145933,2374J9959,490.0,78,0,0,1,0,400,400,0,1,1
145960,4279J5792,700.0,95,0,0,1,0,1000,200,0,1,1
145995,4431J1282,790.0,26,0,1,1,1,1000,500,3,1,1
146006,5653J0315,700.0,116,0,0,1,0,1000,200,1,1,1
146101,5627J8496,390.0,50,0,1,0,0,100,100,0,1,1
146109,7534J9215,590.0,76,0,1,0,0,150,150,0,1,1
146194,3837J1712,790.0,29,0,1,1,1,1000,500,1,1,1
146200,7657J7290,690.0,63,0,1,0,0,1000,200,0,1,1
146237,3931J9386,810.0,86,0,0,1,0,1000,500,0,1,1
146251,5421J9195,600.0,85,0,0,1,0,500,500,0,1,1
146311,7323J6718,370.0,56,0,0,1,0,100,100,0,1,1
146393,7454J6333,500.0,42,0,0,1,0,300,300,4,1,1
146428,7552J6663,460.0,60,0,0,0,1,300,300,0,1,1
146461,3721J7204,750.0,90,0,0,1,0,50,20,0,1,1
146485,2421J0648,199.0,46,0,1,0,0,15,10,0,1,1
146549,7751J2381,790.0,33,0,1,1,1,1000,500,0,1,1
146595,2527J3396,400.0,58,0,0,1,0,100,100,0,1,1
146781,3442J8014,700.0,92,0,0,1,0,1000,200,0,1,1
146811,4281J2691,590.0,27,0,1,1,1,600,600,0,1,1
147013,4357J5019,370.0,17,0,0,1,0,100,100,0,1,1
147039,3851J6899,700.0,93,0,0,1,0,1000,200,0,1,1
147105,7743J5379,700.0,102,0,0,1,0,1000,200,0,1,1
147209,7520J1368,490.0,50,0,1,0,0,300,300,0,1,1
147278,3951J1698,390.0,74,0,0,1,0,300,300,0,1,1
147390,3851J9078,600.0,76,0,0,1,0,500,500,2,1,1
147432,4271J6369,400.0,94,0,0,1,0,100,100,0,1,1
147571,2251J0115,500.0,38,0,0,1,0,300,300,0,1,1
147587,2425J1280,390.0,15,0,1,0,0,300,300,0,1,1
147687,7742J8410,400.0,86,0,0,1,0,30,30,0,1,1
147691,2421J3461,390.0,37,0,0,1,0,300,300,0,1,1
147782,3828J1976,590.0,50,0,1,0,0,500,500,1,1,1
147798,3841J2582,690.0,80,0,1,0,0,250,250,0,1,1
147818,2373J4355,390.0,48,0,0,1,0,300,300,1,1,1
147859,7754J2126,460.0,34,0,0,0,1,300,300,0,1,1
147864,2333J7878,390.0,45,0,0,1,0,300,300,0,1,1
147996,2583J1840,129.0,33,0,1,0,0,20,20,0,1,1
148036,2316J1051,810.0,123,0,0,1,0,1000,500,0,1,1
148041,7550J1658,460.0,40,0,1,0,0,300,300,0,1,1
148119,3246J8971,500.0,55,0,0,1,0,300,300,16,1,1
148123,3841J6099,600.0,102,0,0,1,0,500,500,0,1,1
148264,7727J2872,390.0,69,0,1,0,0,100,100,0,1,1
148277,7737J7021,390.0,17,0,1,0,0,300,300,0,1,1
148327,3454J7676,600.0,75,0,0,1,0,500,500,0,1,1
148351,4486J6731,570.0,79,0,0,1,0,500,500,0,1,1
148371,3931J9159,600.0,87,0,0,1,0,500,500,0,1,1
148388,7550J8230,460.0,27,0,0,0,1,300,300,0,1,1
148419,7641J8551,800.0,62,0,1,0,0,1000,500,0,1,1
148433,2458J0812,390.0,55,0,0,1,0,300,300,0,1,1
148436,3840J6326,600.0,99,0,0,1,0,500,500,0,1,1
148479,4284J5740,700.0,90,0,0,1,0,250,250,0,1,1
148486,3532J8584,690.0,63,0,1,0,0,1000,200,0,1,1
148605,7454J8211,600.0,59,0,0,1,0,500,500,0,1,1
148617,7759J1301,390.0,48,0,0,0,1,100,100,0,1,1
148690,7441J6798,490.0,64,0,1,0,0,30,15,0,1,1
148696,4322J7865,590.0,68,0,1,0,0,45,20,2,1,1
148726,4365J1393,390.0,47,0,0,1,0,300,300,0,1,1
148751,3442J3931,600.0,81,0,0,1,0,500,500,0,1,1
148814,7323J9192,390.0,33,0,1,0,1,300,300,1,1,1
148876,7357J5801,390.0,91,0,0,1,0,300,300,0,1,1
149121,7621J2336,490.0,52,0,1,0,0,300,300,0,1,1
149166,7433J2835,590.0,24,0,1,1,1,600,600,0,1,1
149188,7631J7556,490.0,75,0,1,0,0,300,300,0,1,1
149261,5421J7533,600.0,94,0,0,1,0,500,500,0,1,1
149295,3943J5500,810.0,98,0,0,1,0,150,50,2,1,1
149357,7351J5768,700.0,109,0,0,1,0,250,250,3,1,1
149363,2581J9587,600.0,77,0,0,1,0,150,150,0,1,1
149381,7550J6097,700.0,89,0,0,1,0,250,250,0,1,1
149402,7548J5373,400.0,110,0,0,1,0,100,100,0,1,1
149541,7754J9129,460.0,60,0,0,0,1,300,300,0,1,1
149600,7728J0191,690.0,56,0,1,0,0,1000,200,0,1,1
149644,4365J3235,470.0,37,0,0,1,0,300,300,0,1,1
149656,2458J1726,690.0,51,0,1,0,0,250,250,0,1,1
149661,3860J2740,700.0,37,0,0,1,0,1000,200,1,1,1
149706,7568J7772,600.0,40,0,0,1,0,500,500,2,1,1
149791,4425J8574,590.0,82,0,0,1,0,100,50,1,1,1
149827,2375J3079,129.0,36,0,1,0,0,20,20,0,1,1
149884,2580J6667,400.0,94,0,0,1,0,300,300,1,1,1
149891,2567J2261,600.0,44,0,0,1,0,500,500,0,1,1
149950,2534J1929,129.0,33,0,1,0,0,20,20,0,1,1
149952,2215J7900,390.0,17,0,0,1,0,300,300,0,1,1
149961,7538J7793,460.0,32,0,0,0,1,300,300,0,1,1
150010,3841J8376,800.0,90,0,1,0,0,400,400,0,1,1
150100,7520J5004,570.0,29,0,0,1,0,500,500,0,1,1
150171,4249J5096,600.0,60,0,0,1,0,150,150,6,1,1
150255,3828J2229,590.0,46,0,1,1,1,600,600,0,1,1
150272,7631J7409,690.0,77,0,1,0,0,250,250,0,1,1
150356,2428J2834,490.0,45,0,1,0,0,50,50,0,1,1
150375,4261J7749,490.0,81,0,0,1,0,35,20,19,1,1
150421,7754J8458,690.0,69,0,1,0,0,250,250,0,1,1
150448,2271J9518,600.0,54,0,0,1,0,150,150,0,1,1
150459,7553J8583,460.0,36,0,0,0,1,300,300,0,1,1
150471,2435J2618,199.0,47,0,1,0,0,15,10,0,1,1
150492,7759J6656,590.0,92,0,0,0,1,500,500,0,1,1
150534,4223J2448,470.0,53,0,0,1,0,300,300,0,1,1
150578,7759J3694,560.0,20,0,0,0,1,500,500,0,1,1
150599,2527J4536,400.0,55,0,1,0,0,300,300,1,1,1
150634,4466J6454,590.0,75,0,1,0,0,150,150,0,1,1
150683,3853J5215,500.0,103,0,0,1,0,300,300,0,1,1
150756,7521J7398,500.0,96,0,0,1,0,300,300,0,1,1
150807,4279J5736,700.0,96,0,0,1,0,1000,200,1,1,1
150824,3863J6133,700.0,98,0,0,1,0,250,250,1,1,1
150992,3951J1602,500.0,74,0,0,1,0,300,300,1,1,1
151421,7737J5689,590.0,77,0,1,0,0,500,500,1,1,1
151426,3840J4598,590.0,79,0,1,0,0,150,150,0,1,1
151432,7755J6120,590.0,87,0,1,1,1,600,600,0,1,1
151460,7759J1607,460.0,45,0,0,0,1,300,300,0,1,1
151566,5676J6978,390.0,44,0,0,1,0,300,300,0,1,1
151569,4249J0473,600.0,111,0,0,1,0,150,150,0,1,1
151598,3855J8748,399.0,59,0,0,1,0,30,15,0,1,1
151604,7320J3666,799.0,24,0,0,0,1,1000,500,0,1,1
151619,7759J2527,360.0,35,0,0,0,1,100,100,0,1,1
151661,7641J5501,500.0,40,0,0,1,0,300,300,0,1,1
151793,5422J6685,390.0,50,0,0,0,1,100,100,0,1,1
151882,2241J1807,390.0,39,0,0,1,0,300,300,0,1,1
151927,2551J1511,590.0,75,0,1,0,0,500,500,0,1,1
152292,7742J3900,500.0,47,0,0,1,0,300,300,1,1,1
152408,4431J6018,700.0,87,0,0,1,0,1000,200,0,1,1
152449,2532J5983,400.0,70,0,1,0,0,300,300,0,1,1
152488,3860J5701,800.0,103,0,0,0,1,1000,500,0,1,1
152517,2567J5206,600.0,105,0,0,1,0,500,500,1,1,1
152522,7351J5197,590.0,56,0,0,0,1,50,50,0,1,1
152530,3845J6732,700.0,83,0,0,1,0,250,250,0,1,1
152561,2583J8285,129.0,36,0,1,0,0,20,20,0,1,1
152639,5662J7791,590.0,56,0,1,0,0,150,150,0,1,1
152732,4282J9734,690.0,32,0,1,1,0,1000,300,0,1,1
152738,7759J1685,460.0,44,0,0,0,1,300,300,1,1,1
152816,2519J2795,690.0,26,0,1,0,0,1000,500,0,1,1
153055,2427J2290,590.0,73,0,1,0,0,500,500,0,1,1
153105,7728J0949,390.0,50,0,1,0,0,100,100,0,1,1
153123,4531J7482,500.0,80,0,0,1,0,30,30,0,1,1
153129,7755J0657,460.0,39,0,1,0,0,300,300,0,1,1
153257,3842J6867,600.0,91,0,0,1,0,150,150,0,1,1
153316,5662J0149,600.0,119,0,0,1,0,500,500,0,1,1
153335,4232J6988,470.0,37,0,0,1,0,300,300,1,1,1
153342,7759J3253,560.0,28,0,0,0,1,500,500,0,1,1
153356,2433J1109,390.0,29,0,0,1,0,300,300,1,1,1
153375,2428J2178,690.0,56,0,1,0,0,250,250,0,1,1
153445,2241J0775,199.0,45,0,1,0,0,15,10,0,1,1
153469,2528J6973,199.0,36,0,1,0,0,15,10,0,1,1
153496,7439J5982,490.0,72,0,1,0,0,300,300,0,1,1
153514,2431J4346,800.0,50,0,1,1,0,250,250,0,1,1
153842,7782J3165,390.0,47,0,0,0,1,300,300,0,1,1
153869,2511J4304,390.0,57,0,0,1,0,300,300,0,1,1
153915,3441J0978,390.0,60,0,0,1,0,300,300,0,1,1
153988,4241J5062,500.0,109,0,0,1,0,300,300,0,1,1
154020,3932J0362,500.0,62,0,0,1,0,300,300,0,1,1
154073,7424J6996,600.0,92,0,0,1,0,150,150,0,1,1
154166,2373J2870,700.0,51,0,1,1,0,150,150,0,1,1
154189,7433J0279,500.0,115,0,0,1,0,300,300,1,1,1
154224,4243J5589,500.0,96,0,0,1,0,50,50,0,1,1
154255,4281J6050,500.0,94,0,0,1,0,300,300,0,1,1
154336,2373J7513,390.0,39,0,0,1,0,300,300,0,1,1
154340,5523J0241,600.0,120,0,0,1,0,500,500,0,1,1
154449,4251J6746,700.0,94,0,0,1,0,100,100,0,1,1
154547,3845J8926,700.0,45,0,0,1,0,500,500,0,1,1
154563,3958J5269,690.0,99,0,1,0,0,1000,200,0,1,1
154597,3647J9235,390.0,29,0,1,0,1,300,300,0,1,1
154639,3837J9340,600.0,83,0,0,1,0,500,500,0,1,1
154657,5448J6052,590.0,90,0,1,0,0,150,150,0,1,1
154674,3561J8796,590.0,72,0,0,0,1,150,150,0,1,1
154714,7424J8306,690.0,67,0,1,0,0,250,250,3,1,1
154754,7365J5027,690.0,112,0,0,0,1,1000,200,0,1,1
154769,7320J0671,390.0,39,0,0,1,0,300,300,1,1,1
154910,3256J7028,500.0,60,0,0,1,0,300,300,0,1,1
154911,3267J0246,600.0,34,0,0,1,0,500,500,0,1,1
155024,5421J2756,600.0,80,0,0,1,0,500,500,0,1,1
155128,7755J0304,360.0,44,0,0,0,1,100,100,0,1,1
155158,3840J1874,600.0,54,0,0,1,0,150,150,0,1,1
155178,4485J0576,360.0,42,0,1,0,0,100,100,0,1,1
155184,4241J9408,500.0,76,0,0,1,0,30,30,0,1,1
155240,2434J7375,400.0,55,0,1,0,0,300,300,0,1,1
155242,5624J0506,360.0,42,0,1,0,0,100,100,0,1,1
155378,7754J1444,690.0,42,0,1,0,0,1000,200,1,1,1
155455,4486J5034,690.0,92,0,1,0,0,1000,200,0,1,1
155514,7462J0203,600.0,37,0,0,1,0,500,500,2,1,1
155567,4248J5041,500.0,40,0,0,1,0,300,300,0,1,1
155636,2323J7448,700.0,75,0,0,1,0,100,50,1,1,1
155700,2373J3553,390.0,50,0,0,1,0,300,300,0,1,1
155745,5351J0208,700.0,129,0,0,1,0,250,250,0,1,1
155766,3869J4350,590.0,40,0,1,0,0,500,500,0,1,1
155784,5622J3095,390.0,31,0,0,1,0,300,300,0,1,1
155787,2458J0748,500.0,56,0,0,1,0,50,50,0,1,1
155911,2250J6189,600.0,86,0,0,1,0,150,150,1,1,1
155943,7552J6811,590.0,25,0,1,1,1,600,600,0,1,1
156001,7727J3955,390.0,62,0,1,0,0,100,100,0,1,1
156007,2323J5894,600.0,87,0,0,1,0,50,20,0,1,1
156020,5368J5228,810.0,101,0,0,1,0,1000,500,0,1,1
156111,3532J9307,590.0,54,0,1,0,0,50,50,0,1,1
156175,4289J5825,500.0,80,0,0,1,0,50,50,0,1,1
156200,2551J7687,700.0,94,0,0,1,0,100,50,1,1,1
156209,2551J4618,600.0,78,0,0,1,0,50,20,0,1,1
156268,7782J4104,490.0,39,0,0,0,1,400,400,0,1,1
156281,5651J0394,700.0,119,0,0,1,0,1000,200,0,1,1
156311,7621J5658,690.0,72,0,1,0,0,1000,200,0,1,1
156321,5328J0177,690.0,24,0,1,0,0,1000,500,0,1,1
156368,4271J3211,390.0,58,0,1,0,0,100,100,0,1,1
156388,7454J0278,500.0,116,0,0,1,0,300,300,0,1,1
156502,2582J1682,590.0,52,0,0,1,0,600,600,0,1,1
156627,2458J3092,199.0,46,0,1,0,0,15,10,0,1,1
156633,4279J2588,390.0,45,0,1,0,0,100,100,0,1,1
156682,5324J8524,600.0,64,0,0,1,0,150,150,0,1,1
156695,4325J5301,390.0,97,0,1,0,0,100,100,0,1,1
156766,5628J9076,490.0,51,0,1,0,0,300,300,0,1,1
156828,2434J4217,500.0,61,0,0,1,0,50,50,1,1,1
156878,7741J8929,490.0,44,0,0,0,1,300,300,0,1,1
156914,2512J0421,199.0,45,0,1,0,0,15,10,0,1,1
156945,5369J7846,400.0,45,0,0,1,0,30,30,2,1,1
156974,2231J1863,590.0,18,0,1,0,0,500,500,0,1,1
156983,2241J6754,490.0,80,0,0,1,0,400,400,2,1,1
156984,3831J4655,500.0,40,0,0,1,0,300,300,0,1,1
157020,2428J3273,690.0,52,0,1,0,0,250,250,0,1,1
157159,7631J9532,490.0,45,0,1,0,0,300,300,0,1,1
157191,3944J5823,600.0,93,0,0,1,0,500,500,0,1,1
157350,4371J2095,600.0,62,0,0,1,0,500,500,0,1,1
157390,4341J0687,600.0,51,0,0,1,0,150,150,0,1,1
157406,4221J3979,500.0,84,0,0,1,0,300,300,0,1,1
157408,2472J7177,490.0,82,0,0,1,0,400,400,0,1,1
157463,4358J0928,470.0,48,0,0,1,0,300,300,1,1,1
157474,7634J0967,690.0,29,0,1,1,1,1000,300,0,1,1
157513,3832J0904,390.0,28,0,0,1,0,300,300,0,1,1
157546,7742J4650,390.0,32,0,0,1,0,300,300,0,1,1
157560,4233J5207,700.0,105,0,0,1,0,1000,200,1,1,1
157578,2511J2146,490.0,75,0,1,0,0,300,300,0,1,1
157584,7755J1097,460.0,33,0,0,0,1,300,300,0,1,1
157640,7541J2379,500.0,60,0,0,1,0,300,300,0,1,1
157812,3554J8204,590.0,70,0,1,0,0,500,500,0,1,1
157844,2532J9542,390.0,60,0,0,1,0,300,300,0,1,1
157858,7742J7704,590.0,89,0,1,0,0,150,150,0,1,1
157915,2434J3778,700.0,62,0,0,1,0,250,250,0,1,1
158009,7745J9188,390.0,26,0,1,0,1,300,300,0,1,1
158034,7461J7974,700.0,88,0,0,1,0,100,50,0,1,1
158050,2241J1838,129.0,37,0,1,0,0,20,20,0,1,1
158091,2534J1591,600.0,34,0,0,1,0,500,500,0,1,1
158173,2583J7538,400.0,40,0,0,1,0,300,300,0,1,1
158361,2583J4961,490.0,46,0,1,0,0,300,300,0,1,1
158373,4281J6307,700.0,91,0,0,1,0,250,250,1,1,1
158415,7538J7161,460.0,46,0,0,0,1,300,300,0,1,1
158438,2527J5468,400.0,79,0,0,1,0,100,100,27,1,1
158507,3225J7717,390.0,29,0,1,0,1,300,300,0,1,1
158510,2457J7909,700.0,83,0,0,1,0,1000,200,2,1,1
158535,3823J7014,690.0,79,0,1,0,0,1000,200,0,1,1
158651,7569J5469,470.0,38,0,0,1,0,300,300,0,1,1
158652,5445J8411,570.0,58,0,1,1,0,300,300,0,1,1
158677,2224J7427,600.0,59,0,0,1,0,300,300,1,1,1
158681,2517J4909,490.0,77,0,0,1,0,400,400,0,1,1
158869,7743J7832,500.0,67,0,0,1,0,300,300,0,1,1
158885,7577J8355,570.0,34,0,0,1,0,500,500,0,1,1
158906,7631J5245,490.0,109,0,1,0,0,300,300,0,1,1
158941,7755J8986,360.0,58,0,0,0,1,100,100,0,1,1
158967,7727J9455,690.0,80,0,1,0,0,1000,200,0,1,1
159015,2534J1568,129.0,34,0,1,0,0,20,20,0,1,1
